Date time,,Calculated engine load,Engine coolant temperature,Short term fuel trim—Bank 1,Long term fuel trim—Bank 1,Short term fuel trim—Bank 2,Long term fuel trim—Bank 2,Engine RPM,Vehicle Speed,Intake Air Temperature,MAF Air Flow Rate,Throttle position,Oxygen sensor 1,Oxygen sensor 2,Oxygen sensor 3,Oxygen sensor 4,Oxygen sensor 5,Oxygen sensor 6,Oxygen sensor 7,Oxygen sensor 8,,,,,,,,,,,,,,,,,,,,,
2016-10-10 19:56:23,,93,33,125,-50,00,75,00,37,50,50926,56,300,30,55,280,93,33,0,86V    -73,44%,1,10V    -73,44%,1,12V    -73,44%,0,32V    -73,44%,0,40V    -73,44%,0,56V    -73,44%,0,64V    -73,44%,0,40V    -73,44%,,,,,,,,,,,,,,,,,,,,,
2016-10-10 19:56:24,,93,33,125,-50,00,75,00,37,50,50926,56,300,30,55,280,93,33,0,86V    -73,44%,1,10V    -73,44%,1,12V    -73,44%,0,32V    -73,44%,0,40V    -73,44%,0,56V    -73,44%,0,64V    -73,44%,0,40V    -73,44%,,,,,,,,,,,,,,,,,,,,,
2016-10-10 19:56:25,,93,33,125,-50,00,75,00,37,50,50926,56,300,30,55,280,93,33,0,86V    -73,44%,1,10V    -73,44%,1,12V    -73,44%,0,32V    -73,44%,0,40V    -73,44%,0,56V    -73,44%,0,64V    -73,44%,0,40V    -73,44%,,,,,,,,,,,,,,,,,,,,,
2016-10-10 19:56:26,,93,33,125,-50,00,75,00,37,50,50926,56,300,30,55,280,93,33,0,86V    -73,44%,1,10V    -73,44%,1,12V    -73,44%,0,32V    -73,44%,0,40V    -73,44%,0,56V    -73,44%,0,64V    -73,44%,0,40V    -73,44%,,,,,,,,,,,,,,,,,,,,,
2016-10-10 19:56:28,,93,33,125,-50,00,75,00,37,50,50926,56,300,30,55,280,93,33,0,86V    -73,44%,1,10V    -73,44%,1,12V    -73,44%,0,32V    -73,44%,0,40V    -73,44%,0,56V    -73,44%,0,64V    -73,44%,0,40V    -73,44%,,,,,,,,,,,,,,,,,,,,,
2016-10-10 19:56:30,,93,33,125,-50,00,75,00,37,50,50926,56,300,30,55,280,93,33,0,86V    -73,44%,1,10V    -73,44%,1,12V    -73,44%,0,32V    -73,44%,0,40V    -73,44%,0,56V    -73,44%,0,64V    -73,44%,0,40V    -73,44%,,,,,,,,,,,,,,,,,,,,,
2016-10-10 19:56:33,,93,33,125,-50,00,75,00,37,50,50926,56,300,30,55,280,93,33,0,86V    -73,44%,1,10V    -73,44%,1,12V    -73,44%,0,32V    -73,44%,0,40V    -73,44%,0,56V    -73,44%,0,64V    -73,44%,0,40V    -73,44%,,,,,,,,,,,,,,,,,,,,,
2016-10-10 19:56:35,,93,33,125,-50,00,75,00,37,50,50926,56,300,30,55,280,93,33,0,86V    -73,44%,1,10V    -73,44%,1,12V    -73,44%,0,32V    -73,44%,0,40V    -73,44%,0,56V    -73,44%,0,64V    -73,44%,0,40V    -73,44%,,,,,,,,,,,,,,,,,,,,,
2016-10-10 19:56:38,,93,33,125,-50,00,75,00,37,50,50926,56,300,30,55,280,93,33,0,86V    -73,44%,1,10V    -73,44%,1,12V    -73,44%,0,32V    -73,44%,0,40V    -73,44%,0,56V    -73,44%,0,64V    -73,44%,0,40V    -73,44%,,,,,,,,,,,,,,,,,,,,,
2016-10-10 19:56:41,,93,33,125,-50,00,75,00,37,50,50926,56,300,30,55,280,93,33,0,86V    -73,44%,1,10V    -73,44%,1,12V    -73,44%,0,32V    -73,44%,0,40V    -73,44%,0,56V    -73,44%,0,64V    -73,44%,0,40V    -73,44%,,,,,,,,,,,,,,,,,,,,,
2016-10-10 19:56:42,,93,33,125,-50,00,75,00,37,50,50926,56,300,30,55,280,93,33,0,86V    -73,44%,1,10V    -73,44%,1,12V    -73,44%,0,32V    -73,44%,0,40V    -73,44%,0,56V    -73,44%,0,64V    -73,44%,0,40V    -73,44%,,,,,,,,,,,,,,,,,,,,,
2016-10-10 19:56:43,,93,33,125,-50,00,75,00,37,50,50926,56,300,30,55,280,93,33,0,86V    -73,44%,1,10V    -73,44%,1,12V    -73,44%,0,32V    -73,44%,0,40V    -73,44%,0,56V    -73,44%,0,64V    -73,44%,0,40V    -73,44%,,,,,,,,,,,,,,,,,,,,,
2016-10-10 19:56:44,,93,33,125,-50,00,75,00,37,50,50926,56,456,30,55,280,93,33,0,86V    -73,44%,1,10V    -73,44%,1,12V    -73,44%,0,32V    -73,44%,0,40V    -73,44%,0,56V    -73,44%,0,64V    -73,44%,0,40V    -73,44%,,,,,,,,,,,,,,,,,,,,,
2016-10-10 19:56:45,,93,33,125,-50,00,75,00,37,50,50926,56,244,30,55,280,93,33,0,86V    -73,44%,1,10V    -73,44%,1,12V    -73,44%,0,32V    -73,44%,0,40V    -73,44%,0,56V    -73,44%,0,64V    -73,44%,0,40V    -73,44%,,,,,,,,,,,,,,,,,,,,,
2016-10-10 19:56:46,,93,33,125,-50,00,75,00,37,50,50926,56,244,30,55,280,93,33,0,86V    -73,44%,1,10V    -73,44%,1,12V    -73,44%,0,32V    -73,44%,0,40V    -73,44%,0,56V    -73,44%,0,64V    -73,44%,0,40V    -73,44%,,,,,,,,,,,,,,,,,,,,,
2016-10-10 19:56:47,,93,33,125,-50,00,75,00,37,50,50926,56,244,84,55,280,93,33,0,86V    -73,44%,1,10V    -73,44%,1,12V    -73,44%,0,32V    -73,44%,0,40V    -73,44%,0,56V    -73,44%,0,64V    -73,44%,0,40V    -73,44%,,,,,,,,,,,,,,,,,,,,,
2016-10-10 19:56:48,,93,33,125,-50,00,75,00,37,50,50926,56,244,104,55,280,93,33,0,86V    -73,44%,1,10V    -73,44%,1,12V    -73,44%,0,32V    -73,44%,0,40V    -73,44%,0,56V    -73,44%,0,64V    -73,44%,0,40V    -73,44%,,,,,,,,,,,,,,,,,,,,,
2016-10-10 19:56:49,,93,33,125,-50,00,75,00,37,50,50926,56,244,104,55,280,93,33,0,86V    -73,44%,1,10V    -73,44%,1,12V    -73,44%,0,32V    -73,44%,0,40V    -73,44%,0,56V    -73,44%,0,64V    -73,44%,0,40V    -73,44%,,,,,,,,,,,,,,,,,,,,,
2016-10-10 19:56:50,,93,33,125,-50,00,75,00,37,50,50926,56,244,57,55,280,93,33,0,86V    -73,44%,1,10V    -73,44%,1,12V    -73,44%,0,32V    -73,44%,0,40V    -73,44%,0,56V    -73,44%,0,64V    -73,44%,0,40V    -73,44%,,,,,,,,,,,,,,,,,,,,,
2016-10-10 19:56:51,,93,33,125,-50,00,75,00,37,50,50926,56,244,20,55,280,93,33,0,86V    -73,44%,1,10V    -73,44%,1,12V    -73,44%,0,32V    -73,44%,0,40V    -73,44%,0,56V    -73,44%,0,64V    -73,44%,0,40V    -73,44%,,,,,,,,,,,,,,,,,,,,,
2016-10-10 19:56:52,,93,33,125,-50,00,75,00,37,50,50926,56,244,20,55,280,93,33,0,86V    -73,44%,1,10V    -73,44%,1,12V    -73,44%,0,32V    -73,44%,0,40V    -73,44%,0,56V    -73,44%,0,64V    -73,44%,0,40V    -73,44%,,,,,,,,,,,,,,,,,,,,,
2016-10-10 19:56:53,,93,33,125,-50,00,75,00,37,50,50926,56,244,20,55,280,93,33,0,86V    -73,44%,1,10V    -73,44%,1,12V    -73,44%,0,32V    -73,44%,0,40V    -73,44%,0,56V    -73,44%,0,64V    -73,44%,0,40V    -73,44%,,,,,,,,,,,,,,,,,,,,,
2016-10-10 19:56:54,,93,33,125,-50,00,75,00,37,50,50926,56,3910,20,55,280,93,33,0,86V    -73,44%,1,10V    -73,44%,1,12V    -73,44%,0,32V    -73,44%,0,40V    -73,44%,0,56V    -73,44%,0,64V    -73,44%,0,40V    -73,44%,,,,,,,,,,,,,,,,,,,,,
2016-10-10 19:56:55,,93,33,125,-50,00,75,00,37,50,50926,56,4113,20,55,280,93,33,0,86V    -73,44%,1,10V    -73,44%,1,12V    -73,44%,0,32V    -73,44%,0,40V    -73,44%,0,56V    -73,44%,0,64V    -73,44%,0,40V    -73,44%,,,,,,,,,,,,,,,,,,,,,
2016-10-10 19:56:56,,93,33,125,-50,00,75,00,37,50,50926,56,4113,20,55,280,93,33,0,86V    -73,44%,1,10V    -73,44%,1,12V    -73,44%,0,32V    -73,44%,0,40V    -73,44%,0,56V    -73,44%,0,64V    -73,44%,0,40V    -73,44%,,,,,,,,,,,,,,,,,,,,,
2016-10-10 19:56:57,,93,33,125,-50,00,75,00,37,50,50926,56,4113,20,55,280,93,33,0,86V    -73,44%,1,10V    -73,44%,1,12V    -73,44%,0,32V    -73,44%,0,40V    -73,44%,0,56V    -73,44%,0,64V    -73,44%,0,40V    -73,44%,,,,,,,,,,,,,,,,,,,,,
2016-10-10 19:56:58,,93,33,125,-50,00,75,00,37,50,50926,56,4113,20,55,280,93,33,0,86V    -73,44%,1,10V    -73,44%,1,12V    -73,44%,0,32V    -73,44%,0,40V    -73,44%,0,56V    -73,44%,0,64V    -73,44%,0,40V    -73,44%,,,,,,,,,,,,,,,,,,,,,
2016-10-10 19:56:59,,93,33,125,-50,00,75,00,37,50,50926,56,4113,69,55,280,93,33,0,86V    -73,44%,1,10V    -73,44%,1,12V    -73,44%,0,32V    -73,44%,0,40V    -73,44%,0,56V    -73,44%,0,64V    -73,44%,0,40V    -73,44%,,,,,,,,,,,,,,,,,,,,,
2016-10-10 19:57:00,,93,33,125,-50,00,75,00,37,50,50926,56,4113,102,55,280,93,33,0,86V    -73,44%,1,10V    -73,44%,1,12V    -73,44%,0,32V    -73,44%,0,40V    -73,44%,0,56V    -73,44%,0,64V    -73,44%,0,40V    -73,44%,,,,,,,,,,,,,,,,,,,,,
2016-10-10 19:57:01,,93,33,125,-50,00,75,00,37,50,50926,56,4113,102,55,280,93,33,0,86V    -73,44%,1,10V    -73,44%,1,12V    -73,44%,0,32V    -73,44%,0,40V    -73,44%,0,56V    -73,44%,0,64V    -73,44%,0,40V    -73,44%,,,,,,,,,,,,,,,,,,,,,
2016-10-10 19:57:02,,93,33,125,-50,00,75,00,37,50,50926,56,4113,90,55,280,93,33,0,86V    -73,44%,1,10V    -73,44%,1,12V    -73,44%,0,32V    -73,44%,0,40V    -73,44%,0,56V    -73,44%,0,64V    -73,44%,0,40V    -73,44%,,,,,,,,,,,,,,,,,,,,,
2016-10-10 19:57:03,,93,33,125,-50,00,75,00,37,50,50926,56,4113,78,55,280,93,33,0,86V    -73,44%,1,10V    -73,44%,1,12V    -73,44%,0,32V    -73,44%,0,40V    -73,44%,0,56V    -73,44%,0,64V    -73,44%,0,40V    -73,44%,,,,,,,,,,,,,,,,,,,,,
2016-10-10 19:57:04,,93,33,125,-50,00,75,00,37,50,50926,56,4113,54,55,280,93,33,0,86V    -73,44%,1,10V    -73,44%,1,12V    -73,44%,0,32V    -73,44%,0,40V    -73,44%,0,56V    -73,44%,0,64V    -73,44%,0,40V    -73,44%,,,,,,,,,,,,,,,,,,,,,
2016-10-10 19:57:05,,93,33,125,-50,00,75,00,37,50,50926,56,4113,40,55,280,93,33,0,86V    -73,44%,1,10V    -73,44%,1,12V    -73,44%,0,32V    -73,44%,0,40V    -73,44%,0,56V    -73,44%,0,64V    -73,44%,0,40V    -73,44%,,,,,,,,,,,,,,,,,,,,,
2016-10-10 19:57:06,,93,33,125,-50,00,75,00,37,50,50926,56,4113,26,55,280,93,33,0,86V    -73,44%,1,10V    -73,44%,1,12V    -73,44%,0,32V    -73,44%,0,40V    -73,44%,0,56V    -73,44%,0,64V    -73,44%,0,40V    -73,44%,,,,,,,,,,,,,,,,,,,,,
2016-10-10 19:57:07,,93,33,125,-50,00,75,00,37,50,50926,56,4113,18,55,280,93,33,0,86V    -73,44%,1,10V    -73,44%,1,12V    -73,44%,0,32V    -73,44%,0,40V    -73,44%,0,56V    -73,44%,0,64V    -73,44%,0,40V    -73,44%,,,,,,,,,,,,,,,,,,,,,
2016-10-10 19:57:08,,93,33,125,-50,00,75,00,37,50,50926,56,4113,14,55,280,93,33,0,86V    -73,44%,1,10V    -73,44%,1,12V    -73,44%,0,32V    -73,44%,0,40V    -73,44%,0,56V    -73,44%,0,64V    -73,44%,0,40V    -73,44%,,,,,,,,,,,,,,,,,,,,,
2016-10-10 19:57:09,,93,33,125,-50,00,75,00,37,50,50926,56,4113,13,55,280,93,33,0,86V    -73,44%,1,10V    -73,44%,1,12V    -73,44%,0,32V    -73,44%,0,40V    -73,44%,0,56V    -73,44%,0,64V    -73,44%,0,40V    -73,44%,,,,,,,,,,,,,,,,,,,,,
2016-10-10 19:57:10,,93,33,125,-50,00,75,00,37,50,50926,56,4113,43,55,280,93,33,0,86V    -73,44%,1,10V    -73,44%,1,12V    -73,44%,0,32V    -73,44%,0,40V    -73,44%,0,56V    -73,44%,0,64V    -73,44%,0,40V    -73,44%,,,,,,,,,,,,,,,,,,,,,
2016-10-10 19:57:11,,93,33,125,-50,00,75,00,37,50,50926,56,4113,98,55,280,93,33,0,86V    -73,44%,1,10V    -73,44%,1,12V    -73,44%,0,32V    -73,44%,0,40V    -73,44%,0,56V    -73,44%,0,64V    -73,44%,0,40V    -73,44%,,,,,,,,,,,,,,,,,,,,,
2016-10-10 19:57:12,,93,33,125,-50,00,75,00,37,50,50926,56,4113,112,55,280,93,33,0,86V    -73,44%,1,10V    -73,44%,1,12V    -73,44%,0,32V    -73,44%,0,40V    -73,44%,0,56V    -73,44%,0,64V    -73,44%,0,40V    -73,44%,,,,,,,,,,,,,,,,,,,,,
2016-10-10 19:57:13,,93,33,125,-50,00,75,00,37,50,50926,56,2576,112,55,280,93,33,0,86V    -73,44%,1,10V    -73,44%,1,12V    -73,44%,0,32V    -73,44%,0,40V    -73,44%,0,56V    -73,44%,0,64V    -73,44%,0,40V    -73,44%,,,,,,,,,,,,,,,,,,,,,
2016-10-10 19:57:14,,93,33,125,-50,00,75,00,37,50,50926,56,1587,112,55,280,93,33,0,86V    -73,44%,1,10V    -73,44%,1,12V    -73,44%,0,32V    -73,44%,0,40V    -73,44%,0,56V    -73,44%,0,64V    -73,44%,0,40V    -73,44%,,,,,,,,,,,,,,,,,,,,,
2016-10-10 19:57:15,,93,33,125,-50,00,75,00,37,50,50926,56,1047,112,55,280,93,33,0,86V    -73,44%,1,10V    -73,44%,1,12V    -73,44%,0,32V    -73,44%,0,40V    -73,44%,0,56V    -73,44%,0,64V    -73,44%,0,40V    -73,44%,,,,,,,,,,,,,,,,,,,,,
2016-10-10 19:57:16,,93,33,125,-50,00,75,00,37,50,50926,56,1038,112,55,280,93,33,0,86V    -73,44%,1,10V    -73,44%,1,12V    -73,44%,0,32V    -73,44%,0,40V    -73,44%,0,56V    -73,44%,0,64V    -73,44%,0,40V    -73,44%,,,,,,,,,,,,,,,,,,,,,
2016-10-10 19:57:17,,93,33,125,-50,00,75,00,37,50,50926,56,1030,112,55,280,93,33,0,86V    -73,44%,1,10V    -73,44%,1,12V    -73,44%,0,32V    -73,44%,0,40V    -73,44%,0,56V    -73,44%,0,64V    -73,44%,0,40V    -73,44%,,,,,,,,,,,,,,,,,,,,,
2016-10-10 19:57:18,,93,33,125,-50,00,75,00,37,50,50926,56,1756,112,55,280,93,33,0,86V    -73,44%,1,10V    -73,44%,1,12V    -73,44%,0,32V    -73,44%,0,40V    -73,44%,0,56V    -73,44%,0,64V    -73,44%,0,40V    -73,44%,,,,,,,,,,,,,,,,,,,,,
2016-10-10 19:57:19,,93,33,125,-50,00,75,00,37,50,50926,56,2474,112,55,280,93,33,0,86V    -73,44%,1,10V    -73,44%,1,12V    -73,44%,0,32V    -73,44%,0,40V    -73,44%,0,56V    -73,44%,0,64V    -73,44%,0,40V    -73,44%,,,,,,,,,,,,,,,,,,,,,
2016-10-10 19:57:20,,93,33,125,-50,00,75,00,37,50,50926,56,3783,112,55,280,93,33,0,86V    -73,44%,1,10V    -73,44%,1,12V    -73,44%,0,32V    -73,44%,0,40V    -73,44%,0,56V    -73,44%,0,64V    -73,44%,0,40V    -73,44%,,,,,,,,,,,,,,,,,,,,,
2016-10-10 19:57:21,,93,33,125,-50,00,75,00,37,50,50926,56,4586,112,55,280,93,33,0,86V    -73,44%,1,10V    -73,44%,1,12V    -73,44%,0,32V    -73,44%,0,40V    -73,44%,0,56V    -73,44%,0,64V    -73,44%,0,40V    -73,44%,,,,,,,,,,,,,,,,,,,,,
2016-10-10 19:57:22,,93,33,125,-50,00,75,00,37,50,50926,56,3344,112,55,280,93,33,0,86V    -73,44%,1,10V    -73,44%,1,12V    -73,44%,0,32V    -73,44%,0,40V    -73,44%,0,56V    -73,44%,0,64V    -73,44%,0,40V    -73,44%,,,,,,,,,,,,,,,,,,,,,
2016-10-10 19:57:23,,93,33,125,-50,00,75,00,37,50,50926,56,1587,112,55,280,93,33,0,86V    -73,44%,1,10V    -73,44%,1,12V    -73,44%,0,32V    -73,44%,0,40V    -73,44%,0,56V    -73,44%,0,64V    -73,44%,0,40V    -73,44%,,,,,,,,,,,,,,,,,,,,,
2016-10-10 19:57:24,,93,33,125,-50,00,75,00,37,50,50926,56,785,112,55,280,93,33,0,86V    -73,44%,1,10V    -73,44%,1,12V    -73,44%,0,32V    -73,44%,0,40V    -73,44%,0,56V    -73,44%,0,64V    -73,44%,0,40V    -73,44%,,,,,,,,,,,,,,,,,,,,,
2016-10-10 19:57:25,,93,33,125,-50,00,75,00,37,50,50926,56,135,112,55,280,93,33,0,86V    -73,44%,1,10V    -73,44%,1,12V    -73,44%,0,32V    -73,44%,0,40V    -73,44%,0,56V    -73,44%,0,64V    -73,44%,0,40V    -73,44%,,,,,,,,,,,,,,,,,,,,,
2016-10-10 19:57:26,,93,33,125,-50,00,75,00,37,50,50926,56,135,112,55,280,93,33,0,86V    -73,44%,1,10V    -73,44%,1,12V    -73,44%,0,32V    -73,44%,0,40V    -73,44%,0,56V    -73,44%,0,64V    -73,44%,0,40V    -73,44%,,,,,,,,,,,,,,,,,,,,,
2016-10-10 19:57:27,,93,33,125,-50,00,75,00,37,50,50926,56,1478,112,55,280,93,33,0,86V    -73,44%,1,10V    -73,44%,1,12V    -73,44%,0,32V    -73,44%,0,40V    -73,44%,0,56V    -73,44%,0,64V    -73,44%,0,40V    -73,44%,,,,,,,,,,,,,,,,,,,,,
2016-10-10 19:57:28,,93,33,125,-50,00,75,00,37,50,50926,56,2947,112,55,280,93,33,0,86V    -73,44%,1,10V    -73,44%,1,12V    -73,44%,0,32V    -73,44%,0,40V    -73,44%,0,56V    -73,44%,0,64V    -73,44%,0,40V    -73,44%,,,,,,,,,,,,,,,,,,,,,
2016-10-10 19:57:29,,93,33,125,-50,00,75,00,37,50,50926,56,4214,112,55,280,93,33,0,86V    -73,44%,1,10V    -73,44%,1,12V    -73,44%,0,32V    -73,44%,0,40V    -73,44%,0,56V    -73,44%,0,64V    -73,44%,0,40V    -73,44%,,,,,,,,,,,,,,,,,,,,,
2016-10-10 19:57:30,,93,33,125,-50,00,75,00,37,50,50926,56,4417,112,55,280,93,33,0,86V    -73,44%,1,10V    -73,44%,1,12V    -73,44%,0,32V    -73,44%,0,40V    -73,44%,0,56V    -73,44%,0,64V    -73,44%,0,40V    -73,44%,,,,,,,,,,,,,,,,,,,,,
2016-10-10 19:57:31,,93,33,125,-50,00,75,00,37,50,50926,56,3386,112,55,280,93,33,0,86V    -73,44%,1,10V    -73,44%,1,12V    -73,44%,0,32V    -73,44%,0,40V    -73,44%,0,56V    -73,44%,0,64V    -73,44%,0,40V    -73,44%,,,,,,,,,,,,,,,,,,,,,
2016-10-10 19:57:32,,93,33,125,-50,00,75,00,37,50,50926,56,2027,112,55,280,93,33,0,86V    -73,44%,1,10V    -73,44%,1,12V    -73,44%,0,32V    -73,44%,0,40V    -73,44%,0,56V    -73,44%,0,64V    -73,44%,0,40V    -73,44%,,,,,,,,,,,,,,,,,,,,,
2016-10-10 19:57:33,,93,33,125,-50,00,75,00,37,50,50926,56,1376,112,55,280,93,33,0,86V    -73,44%,1,10V    -73,44%,1,12V    -73,44%,0,32V    -73,44%,0,40V    -73,44%,0,56V    -73,44%,0,64V    -73,44%,0,40V    -73,44%,,,,,,,,,,,,,,,,,,,,,
2016-10-10 19:57:34,,93,33,125,-50,00,75,00,37,50,50926,56,785,112,55,280,93,33,0,86V    -73,44%,1,10V    -73,44%,1,12V    -73,44%,0,32V    -73,44%,0,40V    -73,44%,0,56V    -73,44%,0,64V    -73,44%,0,40V    -73,44%,,,,,,,,,,,,,,,,,,,,,
2016-10-10 19:57:35,,93,33,125,-50,00,75,00,37,50,50926,56,1537,112,55,280,93,33,0,86V    -73,44%,1,10V    -73,44%,1,12V    -73,44%,0,32V    -73,44%,0,40V    -73,44%,0,56V    -73,44%,0,64V    -73,44%,0,40V    -73,44%,,,,,,,,,,,,,,,,,,,,,
2016-10-10 19:57:36,,93,33,125,-50,00,75,00,37,50,50926,56,2305,112,55,280,93,33,0,86V    -73,44%,1,10V    -73,44%,1,12V    -73,44%,0,32V    -73,44%,0,40V    -73,44%,0,56V    -73,44%,0,64V    -73,44%,0,40V    -73,44%,,,,,,,,,,,,,,,,,,,,,
2016-10-10 19:57:37,,93,33,125,-50,00,75,00,37,50,50926,56,2305,112,55,280,93,33,0,86V    -73,44%,1,10V    -73,44%,1,12V    -73,44%,0,32V    -73,44%,0,40V    -73,44%,0,56V    -73,44%,0,64V    -73,44%,0,40V    -73,44%,,,,,,,,,,,,,,,,,,,,,
2016-10-10 19:57:38,,93,33,125,-50,00,75,00,37,50,50926,56,2305,75,55,280,93,33,0,86V    -73,44%,1,10V    -73,44%,1,12V    -73,44%,0,32V    -73,44%,0,40V    -73,44%,0,56V    -73,44%,0,64V    -73,44%,0,40V    -73,44%,,,,,,,,,,,,,,,,,,,,,
2016-10-10 19:57:39,,93,33,125,-50,00,75,00,37,50,50926,56,2305,21,55,280,93,33,0,86V    -73,44%,1,10V    -73,44%,1,12V    -73,44%,0,32V    -73,44%,0,40V    -73,44%,0,56V    -73,44%,0,64V    -73,44%,0,40V    -73,44%,,,,,,,,,,,,,,,,,,,,,
2016-10-10 19:57:40,,93,33,125,-50,00,75,00,37,50,50926,56,2305,8,55,280,93,33,0,86V    -73,44%,1,10V    -73,44%,1,12V    -73,44%,0,32V    -73,44%,0,40V    -73,44%,0,56V    -73,44%,0,64V    -73,44%,0,40V    -73,44%,,,,,,,,,,,,,,,,,,,,,
2016-10-10 19:57:41,,93,33,125,-50,00,75,00,37,50,50926,56,2305,25,55,280,93,33,0,86V    -73,44%,1,10V    -73,44%,1,12V    -73,44%,0,32V    -73,44%,0,40V    -73,44%,0,56V    -73,44%,0,64V    -73,44%,0,40V    -73,44%,,,,,,,,,,,,,,,,,,,,,
2016-10-10 19:57:42,,93,33,125,-50,00,75,00,37,50,50926,56,2305,30,55,280,93,33,0,86V    -73,44%,1,10V    -73,44%,1,12V    -73,44%,0,32V    -73,44%,0,40V    -73,44%,0,56V    -73,44%,0,64V    -73,44%,0,40V    -73,44%,,,,,,,,,,,,,,,,,,,,,
2016-10-10 19:57:43,,93,33,125,-50,00,75,00,37,50,50926,56,2305,57,55,280,93,33,0,86V    -73,44%,1,10V    -73,44%,1,12V    -73,44%,0,32V    -73,44%,0,40V    -73,44%,0,56V    -73,44%,0,64V    -73,44%,0,40V    -73,44%,,,,,,,,,,,,,,,,,,,,,
2016-10-10 19:57:44,,93,33,125,-50,00,75,00,37,50,50926,56,2305,82,55,280,93,33,0,86V    -73,44%,1,10V    -73,44%,1,12V    -73,44%,0,32V    -73,44%,0,40V    -73,44%,0,56V    -73,44%,0,64V    -73,44%,0,40V    -73,44%,,,,,,,,,,,,,,,,,,,,,
2016-10-10 19:57:45,,93,33,125,-50,00,75,00,37,50,50926,56,2305,112,55,280,93,33,0,86V    -73,44%,1,10V    -73,44%,1,12V    -73,44%,0,32V    -73,44%,0,40V    -73,44%,0,56V    -73,44%,0,64V    -73,44%,0,40V    -73,44%,,,,,,,,,,,,,,,,,,,,,
2016-10-10 19:57:46,,93,33,125,-50,00,75,00,37,50,50926,56,2305,78,55,280,93,33,0,86V    -73,44%,1,10V    -73,44%,1,12V    -73,44%,0,32V    -73,44%,0,40V    -73,44%,0,56V    -73,44%,0,64V    -73,44%,0,40V    -73,44%,,,,,,,,,,,,,,,,,,,,,
2016-10-10 19:57:47,,93,33,125,-50,00,75,00,37,50,50926,56,2305,34,55,280,93,33,0,86V    -73,44%,1,10V    -73,44%,1,12V    -73,44%,0,32V    -73,44%,0,40V    -73,44%,0,56V    -73,44%,0,64V    -73,44%,0,40V    -73,44%,,,,,,,,,,,,,,,,,,,,,
2016-10-10 19:57:48,,93,33,125,-50,00,75,00,37,50,50926,56,2305,13,55,280,93,33,0,86V    -73,44%,1,10V    -73,44%,1,12V    -73,44%,0,32V    -73,44%,0,40V    -73,44%,0,56V    -73,44%,0,64V    -73,44%,0,40V    -73,44%,,,,,,,,,,,,,,,,,,,,,
2016-10-10 19:57:49,,93,33,125,-50,00,75,00,37,50,50926,56,2305,33,55,280,93,33,0,86V    -73,44%,1,10V    -73,44%,1,12V    -73,44%,0,32V    -73,44%,0,40V    -73,44%,0,56V    -73,44%,0,64V    -73,44%,0,40V    -73,44%,,,,,,,,,,,,,,,,,,,,,
2016-10-10 19:57:50,,93,33,125,-50,00,75,00,37,50,50926,56,2305,72,55,280,93,33,0,86V    -73,44%,1,10V    -73,44%,1,12V    -73,44%,0,32V    -73,44%,0,40V    -73,44%,0,56V    -73,44%,0,64V    -73,44%,0,40V    -73,44%,,,,,,,,,,,,,,,,,,,,,
2016-10-10 19:57:51,,93,33,125,-50,00,75,00,37,50,50926,56,2305,96,55,280,93,33,0,86V    -73,44%,1,10V    -73,44%,1,12V    -73,44%,0,32V    -73,44%,0,40V    -73,44%,0,56V    -73,44%,0,64V    -73,44%,0,40V    -73,44%,,,,,,,,,,,,,,,,,,,,,
2016-10-10 19:57:52,,93,33,125,-50,00,75,00,37,50,50926,56,2305,100,55,280,93,33,0,86V    -73,44%,1,10V    -73,44%,1,12V    -73,44%,0,32V    -73,44%,0,40V    -73,44%,0,56V    -73,44%,0,64V    -73,44%,0,40V    -73,44%,,,,,,,,,,,,,,,,,,,,,
2016-10-10 19:57:53,,93,33,125,-50,00,75,00,37,50,50926,56,2305,91,55,280,93,33,0,86V    -73,44%,1,10V    -73,44%,1,12V    -73,44%,0,32V    -73,44%,0,40V    -73,44%,0,56V    -73,44%,0,64V    -73,44%,0,40V    -73,44%,,,,,,,,,,,,,,,,,,,,,
2016-10-10 19:57:54,,93,33,125,-50,00,75,00,37,50,50926,56,2305,49,55,280,93,33,0,86V    -73,44%,1,10V    -73,44%,1,12V    -73,44%,0,32V    -73,44%,0,40V    -73,44%,0,56V    -73,44%,0,64V    -73,44%,0,40V    -73,44%,,,,,,,,,,,,,,,,,,,,,
2016-10-10 19:57:56,,93,33,125,-50,00,75,00,37,50,50926,56,2305,31,55,280,93,33,0,86V    -73,44%,1,10V    -73,44%,1,12V    -73,44%,0,32V    -73,44%,0,40V    -73,44%,0,56V    -73,44%,0,64V    -73,44%,0,40V    -73,44%,,,,,,,,,,,,,,,,,,,,,
2016-10-10 19:57:57,,93,33,125,-50,00,75,00,37,50,50926,56,2305,31,55,280,93,33,0,86V    -73,44%,1,10V    -73,44%,1,12V    -73,44%,0,32V    -73,44%,0,40V    -73,44%,0,56V    -73,44%,0,64V    -73,44%,0,40V    -73,44%,,,,,,,,,,,,,,,,,,,,,
2016-10-10 19:57:58,,93,33,125,-50,00,75,00,37,50,50926,56,2305,31,55,280,93,33,0,86V    -73,44%,1,10V    -73,44%,1,12V    -73,44%,0,32V    -73,44%,0,40V    -73,44%,0,56V    -73,44%,0,64V    -73,44%,0,40V    -73,44%,,,,,,,,,,,,,,,,,,,,,
2016-10-10 19:57:59,,93,33,125,-50,00,75,00,37,50,50926,56,2305,31,55,280,93,33,0,86V    -73,44%,1,10V    -73,44%,1,12V    -73,44%,0,32V    -73,44%,0,40V    -73,44%,0,56V    -73,44%,0,64V    -73,44%,0,40V    -73,44%,,,,,,,,,,,,,,,,,,,,,
2016-10-10 19:58:00,,93,33,125,-50,00,75,00,37,50,50926,56,2305,44,55,280,93,33,0,86V    -73,44%,1,10V    -73,44%,1,12V    -73,44%,0,32V    -73,44%,0,40V    -73,44%,0,56V    -73,44%,0,64V    -73,44%,0,40V    -73,44%,,,,,,,,,,,,,,,,,,,,,
2016-10-10 19:58:01,,93,33,125,-50,00,75,00,37,50,50926,56,2305,44,55,280,93,33,0,86V    -73,44%,1,10V    -73,44%,1,12V    -73,44%,0,32V    -73,44%,0,40V    -73,44%,0,56V    -73,44%,0,64V    -73,44%,0,40V    -73,44%,,,,,,,,,,,,,,,,,,,,,
2016-10-10 19:58:02,,93,33,125,-50,00,75,00,37,50,50926,56,2305,53,55,280,93,33,0,86V    -73,44%,1,10V    -73,44%,1,12V    -73,44%,0,32V    -73,44%,0,40V    -73,44%,0,56V    -73,44%,0,64V    -73,44%,0,40V    -73,44%,,,,,,,,,,,,,,,,,,,,,
2016-10-10 19:58:03,,93,33,125,-50,00,75,00,37,50,50926,56,2305,58,55,280,93,33,0,86V    -73,44%,1,10V    -73,44%,1,12V    -73,44%,0,32V    -73,44%,0,40V    -73,44%,0,56V    -73,44%,0,64V    -73,44%,0,40V    -73,44%,,,,,,,,,,,,,,,,,,,,,
2016-10-10 19:58:04,,93,33,125,-50,00,75,00,37,50,50926,56,2305,70,55,280,93,33,0,86V    -73,44%,1,10V    -73,44%,1,12V    -73,44%,0,32V    -73,44%,0,40V    -73,44%,0,56V    -73,44%,0,64V    -73,44%,0,40V    -73,44%,,,,,,,,,,,,,,,,,,,,,
2016-10-10 19:58:05,,93,33,125,-50,00,75,00,37,50,50926,56,2305,75,55,280,93,33,0,86V    -73,44%,1,10V    -73,44%,1,12V    -73,44%,0,32V    -73,44%,0,40V    -73,44%,0,56V    -73,44%,0,64V    -73,44%,0,40V    -73,44%,,,,,,,,,,,,,,,,,,,,,
2016-10-10 19:58:06,,93,33,125,-50,00,75,00,37,50,50926,56,2305,81,55,280,93,33,0,86V    -73,44%,1,10V    -73,44%,1,12V    -73,44%,0,32V    -73,44%,0,40V    -73,44%,0,56V    -73,44%,0,64V    -73,44%,0,40V    -73,44%,,,,,,,,,,,,,,,,,,,,,
2016-10-10 19:58:07,,93,33,125,-50,00,75,00,37,50,50926,56,2305,86,55,280,93,33,0,86V    -73,44%,1,10V    -73,44%,1,12V    -73,44%,0,32V    -73,44%,0,40V    -73,44%,0,56V    -73,44%,0,64V    -73,44%,0,40V    -73,44%,,,,,,,,,,,,,,,,,,,,,
2016-10-10 19:58:08,,93,33,125,-50,00,75,00,37,50,50926,56,2305,102,55,280,93,33,0,86V    -73,44%,1,10V    -73,44%,1,12V    -73,44%,0,32V    -73,44%,0,40V    -73,44%,0,56V    -73,44%,0,64V    -73,44%,0,40V    -73,44%,,,,,,,,,,,,,,,,,,,,,
2016-10-10 19:58:09,,93,33,125,-50,00,75,00,37,50,50926,56,2305,120,55,280,93,33,0,86V    -73,44%,1,10V    -73,44%,1,12V    -73,44%,0,32V    -73,44%,0,40V    -73,44%,0,56V    -73,44%,0,64V    -73,44%,0,40V    -73,44%,,,,,,,,,,,,,,,,,,,,,
2016-10-10 19:58:10,,93,33,125,-50,00,75,00,37,50,50926,56,2305,120,55,280,93,33,0,86V    -73,44%,1,10V    -73,44%,1,12V    -73,44%,0,32V    -73,44%,0,40V    -73,44%,0,56V    -73,44%,0,64V    -73,44%,0,40V    -73,44%,,,,,,,,,,,,,,,,,,,,,
2016-10-10 19:58:11,,93,33,125,-50,00,75,00,37,50,50926,56,2305,68,55,280,93,33,0,86V    -73,44%,1,10V    -73,44%,1,12V    -73,44%,0,32V    -73,44%,0,40V    -73,44%,0,56V    -73,44%,0,64V    -73,44%,0,40V    -73,44%,,,,,,,,,,,,,,,,,,,,,
2016-10-10 19:58:12,,93,33,125,-50,00,75,00,37,50,50926,56,2305,42,55,280,93,33,0,86V    -73,44%,1,10V    -73,44%,1,12V    -73,44%,0,32V    -73,44%,0,40V    -73,44%,0,56V    -73,44%,0,64V    -73,44%,0,40V    -73,44%,,,,,,,,,,,,,,,,,,,,,
2016-10-10 19:58:13,,93,33,125,-50,00,75,00,37,50,50926,56,2305,41,55,280,93,33,0,86V    -73,44%,1,10V    -73,44%,1,12V    -73,44%,0,32V    -73,44%,0,40V    -73,44%,0,56V    -73,44%,0,64V    -73,44%,0,40V    -73,44%,,,,,,,,,,,,,,,,,,,,,
2016-10-10 19:58:14,,93,33,125,-50,00,75,00,37,50,50926,56,2305,33,55,280,93,33,0,86V    -73,44%,1,10V    -73,44%,1,12V    -73,44%,0,32V    -73,44%,0,40V    -73,44%,0,56V    -73,44%,0,64V    -73,44%,0,40V    -73,44%,,,,,,,,,,,,,,,,,,,,,
2016-10-10 19:58:15,,93,33,125,-50,00,75,00,37,50,50926,56,2305,13,55,280,93,33,0,86V    -73,44%,1,10V    -73,44%,1,12V    -73,44%,0,32V    -73,44%,0,40V    -73,44%,0,56V    -73,44%,0,64V    -73,44%,0,40V    -73,44%,,,,,,,,,,,,,,,,,,,,,
2016-10-10 19:58:16,,93,33,125,-50,00,75,00,37,50,50926,56,2305,7,55,280,93,33,0,86V    -73,44%,1,10V    -73,44%,1,12V    -73,44%,0,32V    -73,44%,0,40V    -73,44%,0,56V    -73,44%,0,64V    -73,44%,0,40V    -73,44%,,,,,,,,,,,,,,,,,,,,,
2016-10-10 19:58:17,,93,33,125,-50,00,75,00,37,50,50926,56,2305,17,55,280,93,33,0,86V    -73,44%,1,10V    -73,44%,1,12V    -73,44%,0,32V    -73,44%,0,40V    -73,44%,0,56V    -73,44%,0,64V    -73,44%,0,40V    -73,44%,,,,,,,,,,,,,,,,,,,,,
2016-10-10 19:58:18,,93,33,125,-50,00,75,00,37,50,50926,56,2305,26,55,280,93,33,0,86V    -73,44%,1,10V    -73,44%,1,12V    -73,44%,0,32V    -73,44%,0,40V    -73,44%,0,56V    -73,44%,0,64V    -73,44%,0,40V    -73,44%,,,,,,,,,,,,,,,,,,,,,
2016-10-10 19:58:19,,93,33,125,-50,00,75,00,37,50,50926,56,2305,45,55,280,93,33,0,86V    -73,44%,1,10V    -73,44%,1,12V    -73,44%,0,32V    -73,44%,0,40V    -73,44%,0,56V    -73,44%,0,64V    -73,44%,0,40V    -73,44%,,,,,,,,,,,,,,,,,,,,,
2016-10-10 19:58:20,,93,33,125,-50,00,75,00,37,50,50926,56,2305,67,55,280,93,33,0,86V    -73,44%,1,10V    -73,44%,1,12V    -73,44%,0,32V    -73,44%,0,40V    -73,44%,0,56V    -73,44%,0,64V    -73,44%,0,40V    -73,44%,,,,,,,,,,,,,,,,,,,,,
2016-10-10 19:58:21,,93,33,125,-50,00,75,00,37,50,50926,56,2305,85,55,280,93,33,0,86V    -73,44%,1,10V    -73,44%,1,12V    -73,44%,0,32V    -73,44%,0,40V    -73,44%,0,56V    -73,44%,0,64V    -73,44%,0,40V    -73,44%,,,,,,,,,,,,,,,,,,,,,
2016-10-10 19:58:22,,93,33,125,-50,00,75,00,37,50,50926,56,2305,89,55,280,93,33,0,86V    -73,44%,1,10V    -73,44%,1,12V    -73,44%,0,32V    -73,44%,0,40V    -73,44%,0,56V    -73,44%,0,64V    -73,44%,0,40V    -73,44%,,,,,,,,,,,,,,,,,,,,,
2016-10-10 19:58:23,,93,33,125,-50,00,75,00,37,50,50926,56,2305,89,55,280,93,33,0,86V    -73,44%,1,10V    -73,44%,1,12V    -73,44%,0,32V    -73,44%,0,40V    -73,44%,0,56V    -73,44%,0,64V    -73,44%,0,40V    -73,44%,,,,,,,,,,,,,,,,,,,,,
2016-10-10 19:58:24,,93,33,125,-50,00,75,00,37,50,50926,56,2305,89,55,280,93,33,0,86V    -73,44%,1,10V    -73,44%,1,12V    -73,44%,0,32V    -73,44%,0,40V    -73,44%,0,56V    -73,44%,0,64V    -73,44%,0,40V    -73,44%,,,,,,,,,,,,,,,,,,,,,
2016-10-10 19:58:25,,93,33,125,-50,00,75,00,37,50,50926,56,2305,89,55,280,93,33,0,86V    -73,44%,1,10V    -73,44%,1,12V    -73,44%,0,32V    -73,44%,0,40V    -73,44%,0,56V    -73,44%,0,64V    -73,44%,0,40V    -73,44%,,,,,,,,,,,,,,,,,,,,,
2016-10-10 19:58:26,,93,33,125,-50,00,75,00,37,50,50926,56,2305,89,55,280,93,33,0,86V    -73,44%,1,10V    -73,44%,1,12V    -73,44%,0,32V    -73,44%,0,40V    -73,44%,0,56V    -73,44%,0,64V    -73,44%,0,40V    -73,44%,,,,,,,,,,,,,,,,,,,,,
2016-10-10 19:58:27,,93,33,125,-50,00,75,00,37,50,50926,56,2305,89,55,280,93,33,0,86V    -73,44%,1,10V    -73,44%,1,12V    -73,44%,0,32V    -73,44%,0,40V    -73,44%,0,56V    -73,44%,0,64V    -73,44%,0,40V    -73,44%,,,,,,,,,,,,,,,,,,,,,
2016-10-10 19:58:28,,93,33,125,-50,00,75,00,37,50,50926,56,2305,89,55,280,93,33,0,86V    -73,44%,1,10V    -73,44%,1,12V    -73,44%,0,32V    -73,44%,0,40V    -73,44%,0,56V    -73,44%,0,64V    -73,44%,0,40V    -73,44%,,,,,,,,,,,,,,,,,,,,,
2016-10-10 19:58:29,,93,33,125,-50,00,75,00,37,50,50926,56,2305,89,55,280,93,33,0,86V    -73,44%,1,10V    -73,44%,1,12V    -73,44%,0,32V    -73,44%,0,40V    -73,44%,0,56V    -73,44%,0,64V    -73,44%,0,40V    -73,44%,,,,,,,,,,,,,,,,,,,,,
2016-10-10 19:58:30,,93,33,125,-50,00,75,00,37,50,50926,56,2305,89,55,280,93,33,0,86V    -73,44%,1,10V    -73,44%,1,12V    -73,44%,0,32V    -73,44%,0,40V    -73,44%,0,56V    -73,44%,0,64V    -73,44%,0,40V    -73,44%,,,,,,,,,,,,,,,,,,,,,
2016-10-10 19:58:31,,93,33,125,-50,00,75,00,37,50,50926,56,2305,89,55,280,93,33,0,86V    -73,44%,1,10V    -73,44%,1,12V    -73,44%,0,32V    -73,44%,0,40V    -73,44%,0,56V    -73,44%,0,64V    -73,44%,0,40V    -73,44%,,,,,,,,,,,,,,,,,,,,,
2016-10-10 19:58:32,,93,33,125,-50,00,75,00,37,50,50926,56,2305,89,55,280,93,33,0,86V    -73,44%,1,10V    -73,44%,1,12V    -73,44%,0,32V    -73,44%,0,40V    -73,44%,0,56V    -73,44%,0,64V    -73,44%,0,40V    -73,44%,,,,,,,,,,,,,,,,,,,,,
2016-10-10 19:58:33,,93,33,125,-50,00,75,00,37,50,50926,56,2305,89,55,280,93,33,0,86V    -73,44%,1,10V    -73,44%,1,12V    -73,44%,0,32V    -73,44%,0,40V    -73,44%,0,56V    -73,44%,0,64V    -73,44%,0,40V    -73,44%,,,,,,,,,,,,,,,,,,,,,
2016-10-10 19:58:34,,93,33,125,-50,00,75,00,37,50,50926,56,2305,89,55,280,93,33,0,86V    -73,44%,1,10V    -73,44%,1,12V    -73,44%,0,32V    -73,44%,0,40V    -73,44%,0,56V    -73,44%,0,64V    -73,44%,0,40V    -73,44%,,,,,,,,,,,,,,,,,,,,,
2016-10-10 19:58:35,,93,33,125,-50,00,75,00,37,50,50926,56,2305,89,55,280,93,33,0,86V    -73,44%,1,10V    -73,44%,1,12V    -73,44%,0,32V    -73,44%,0,40V    -73,44%,0,56V    -73,44%,0,64V    -73,44%,0,40V    -73,44%,,,,,,,,,,,,,,,,,,,,,
2016-10-10 19:58:36,,93,33,125,-50,00,75,00,37,50,50926,56,2305,89,55,280,93,33,0,86V    -73,44%,1,10V    -73,44%,1,12V    -73,44%,0,32V    -73,44%,0,40V    -73,44%,0,56V    -73,44%,0,64V    -73,44%,0,40V    -73,44%,,,,,,,,,,,,,,,,,,,,,
2016-10-10 19:58:37,,93,33,125,-50,00,75,00,37,50,50926,56,2305,89,55,280,93,33,0,86V    -73,44%,1,10V    -73,44%,1,12V    -73,44%,0,32V    -73,44%,0,40V    -73,44%,0,56V    -73,44%,0,64V    -73,44%,0,40V    -73,44%,,,,,,,,,,,,,,,,,,,,,
2016-10-10 19:58:38,,93,33,125,-50,00,75,00,37,50,50926,56,2305,89,55,280,93,33,0,86V    -73,44%,1,10V    -73,44%,1,12V    -73,44%,0,32V    -73,44%,0,40V    -73,44%,0,56V    -73,44%,0,64V    -73,44%,0,40V    -73,44%,,,,,,,,,,,,,,,,,,,,,
2016-10-10 19:58:39,,93,33,125,-50,00,75,00,37,50,50926,56,2305,89,55,280,93,33,0,86V    -73,44%,1,10V    -73,44%,1,12V    -73,44%,0,32V    -73,44%,0,40V    -73,44%,0,56V    -73,44%,0,64V    -73,44%,0,40V    -73,44%,,,,,,,,,,,,,,,,,,,,,
2016-10-10 19:58:40,,93,33,125,-50,00,75,00,37,50,50926,56,2305,89,55,280,93,33,0,86V    -73,44%,1,10V    -73,44%,1,12V    -73,44%,0,32V    -73,44%,0,40V    -73,44%,0,56V    -73,44%,0,64V    -73,44%,0,40V    -73,44%,,,,,,,,,,,,,,,,,,,,,
2016-10-10 19:58:41,,93,33,125,-50,00,75,00,37,50,50926,56,2305,89,55,280,93,33,0,86V    -73,44%,1,10V    -73,44%,1,12V    -73,44%,0,32V    -73,44%,0,40V    -73,44%,0,56V    -73,44%,0,64V    -73,44%,0,40V    -73,44%,,,,,,,,,,,,,,,,,,,,,
2016-10-10 19:58:42,,93,33,125,-50,00,75,00,37,50,50926,56,2305,89,55,280,93,33,0,86V    -73,44%,1,10V    -73,44%,1,12V    -73,44%,0,32V    -73,44%,0,40V    -73,44%,0,56V    -73,44%,0,64V    -73,44%,0,40V    -73,44%,,,,,,,,,,,,,,,,,,,,,
2016-10-10 19:58:43,,93,33,125,-50,00,75,00,37,50,50926,56,2305,89,55,280,93,33,0,86V    -73,44%,1,10V    -73,44%,1,12V    -73,44%,0,32V    -73,44%,0,40V    -73,44%,0,56V    -73,44%,0,64V    -73,44%,0,40V    -73,44%,,,,,,,,,,,,,,,,,,,,,
2016-10-10 19:58:44,,93,33,125,-50,00,75,00,37,50,50926,56,2305,89,55,280,93,33,0,86V    -73,44%,1,10V    -73,44%,1,12V    -73,44%,0,32V    -73,44%,0,40V    -73,44%,0,56V    -73,44%,0,64V    -73,44%,0,40V    -73,44%,,,,,,,,,,,,,,,,,,,,,
2016-10-10 19:58:45,,93,33,125,-50,00,75,00,37,50,50926,56,2305,89,55,280,93,33,0,86V    -73,44%,1,10V    -73,44%,1,12V    -73,44%,0,32V    -73,44%,0,40V    -73,44%,0,56V    -73,44%,0,64V    -73,44%,0,40V    -73,44%,,,,,,,,,,,,,,,,,,,,,
2016-10-10 19:58:46,,93,33,125,-50,00,75,00,37,50,50926,56,2305,89,55,280,93,33,0,86V    -73,44%,1,10V    -73,44%,1,12V    -73,44%,0,32V    -73,44%,0,40V    -73,44%,0,56V    -73,44%,0,64V    -73,44%,0,40V    -73,44%,,,,,,,,,,,,,,,,,,,,,
2016-10-10 19:58:47,,93,33,125,-50,00,75,00,37,50,50926,56,2305,89,55,280,93,33,0,86V    -73,44%,1,10V    -73,44%,1,12V    -73,44%,0,32V    -73,44%,0,40V    -73,44%,0,56V    -73,44%,0,64V    -73,44%,0,40V    -73,44%,,,,,,,,,,,,,,,,,,,,,
2016-10-10 19:58:48,,93,33,125,-50,00,75,00,37,50,50926,56,2305,89,55,280,93,33,0,86V    -73,44%,1,10V    -73,44%,1,12V    -73,44%,0,32V    -73,44%,0,40V    -73,44%,0,56V    -73,44%,0,64V    -73,44%,0,40V    -73,44%,,,,,,,,,,,,,,,,,,,,,
2016-10-10 19:58:49,,93,33,125,-50,00,75,00,37,50,50926,56,2305,89,55,280,93,33,0,86V    -73,44%,1,10V    -73,44%,1,12V    -73,44%,0,32V    -73,44%,0,40V    -73,44%,0,56V    -73,44%,0,64V    -73,44%,0,40V    -73,44%,,,,,,,,,,,,,,,,,,,,,
2016-10-10 19:58:50,,93,33,125,-50,00,75,00,37,50,50926,56,2305,89,55,280,93,33,0,86V    -73,44%,1,10V    -73,44%,1,12V    -73,44%,0,32V    -73,44%,0,40V    -73,44%,0,56V    -73,44%,0,64V    -73,44%,0,40V    -73,44%,,,,,,,,,,,,,,,,,,,,,
2016-10-10 19:58:51,,93,33,125,-50,00,75,00,37,50,50926,56,2305,89,55,280,93,33,0,86V    -73,44%,1,10V    -73,44%,1,12V    -73,44%,0,32V    -73,44%,0,40V    -73,44%,0,56V    -73,44%,0,64V    -73,44%,0,40V    -73,44%,,,,,,,,,,,,,,,,,,,,,
2016-10-10 19:58:52,,93,33,125,-50,00,75,00,37,50,50926,56,2305,89,55,280,93,33,0,86V    -73,44%,1,10V    -73,44%,1,12V    -73,44%,0,32V    -73,44%,0,40V    -73,44%,0,56V    -73,44%,0,64V    -73,44%,0,40V    -73,44%,,,,,,,,,,,,,,,,,,,,,
2016-10-10 19:58:53,,93,33,125,-50,00,75,00,37,50,50926,56,2305,89,55,280,93,33,0,86V    -73,44%,1,10V    -73,44%,1,12V    -73,44%,0,32V    -73,44%,0,40V    -73,44%,0,56V    -73,44%,0,64V    -73,44%,0,40V    -73,44%,,,,,,,,,,,,,,,,,,,,,
2016-10-10 19:58:54,,93,33,125,-50,00,75,00,37,50,50926,56,2305,89,55,280,93,33,0,86V    -73,44%,1,10V    -73,44%,1,12V    -73,44%,0,32V    -73,44%,0,40V    -73,44%,0,56V    -73,44%,0,64V    -73,44%,0,40V    -73,44%,,,,,,,,,,,,,,,,,,,,,
2016-10-10 19:58:55,,93,33,125,-50,00,75,00,37,50,50926,56,2305,89,55,280,93,33,0,86V    -73,44%,1,10V    -73,44%,1,12V    -73,44%,0,32V    -73,44%,0,40V    -73,44%,0,56V    -73,44%,0,64V    -73,44%,0,40V    -73,44%,,,,,,,,,,,,,,,,,,,,,
2016-10-10 19:58:56,,93,33,125,-50,00,75,00,37,50,50926,56,2305,89,55,280,93,33,0,86V    -73,44%,1,10V    -73,44%,1,12V    -73,44%,0,32V    -73,44%,0,40V    -73,44%,0,56V    -73,44%,0,64V    -73,44%,0,40V    -73,44%,,,,,,,,,,,,,,,,,,,,,
2016-10-10 19:58:57,,93,33,125,-50,00,75,00,37,50,50926,56,2305,89,55,280,93,33,0,86V    -73,44%,1,10V    -73,44%,1,12V    -73,44%,0,32V    -73,44%,0,40V    -73,44%,0,56V    -73,44%,0,64V    -73,44%,0,40V    -73,44%,,,,,,,,,,,,,,,,,,,,,
2016-10-10 19:58:58,,93,33,125,-50,00,75,00,37,50,50926,56,2305,89,55,280,93,33,0,86V    -73,44%,1,10V    -73,44%,1,12V    -73,44%,0,32V    -73,44%,0,40V    -73,44%,0,56V    -73,44%,0,64V    -73,44%,0,40V    -73,44%,,,,,,,,,,,,,,,,,,,,,
2016-10-10 19:58:59,,93,33,125,-50,00,75,00,37,50,50926,56,2305,88,55,280,93,33,0,86V    -73,44%,1,10V    -73,44%,1,12V    -73,44%,0,32V    -73,44%,0,40V    -73,44%,0,56V    -73,44%,0,64V    -73,44%,0,40V    -73,44%,,,,,,,,,,,,,,,,,,,,,
2016-10-10 19:59:00,,93,33,125,-50,00,75,00,37,50,50926,56,2305,104,55,280,93,33,0,86V    -73,44%,1,10V    -73,44%,1,12V    -73,44%,0,32V    -73,44%,0,40V    -73,44%,0,56V    -73,44%,0,64V    -73,44%,0,40V    -73,44%,,,,,,,,,,,,,,,,,,,,,
2016-10-10 19:59:01,,93,33,125,-50,00,75,00,37,50,50926,56,2305,104,55,280,93,33,0,86V    -73,44%,1,10V    -73,44%,1,12V    -73,44%,0,32V    -73,44%,0,40V    -73,44%,0,56V    -73,44%,0,64V    -73,44%,0,40V    -73,44%,,,,,,,,,,,,,,,,,,,,,
2016-10-10 19:59:02,,93,33,125,-50,00,75,00,37,50,50926,56,2305,12,55,280,93,33,0,86V    -73,44%,1,10V    -73,44%,1,12V    -73,44%,0,32V    -73,44%,0,40V    -73,44%,0,56V    -73,44%,0,64V    -73,44%,0,40V    -73,44%,,,,,,,,,,,,,,,,,,,,,
2016-10-10 19:59:03,,93,33,125,-50,00,75,00,37,50,50926,56,2305,12,55,280,93,33,0,86V    -73,44%,1,10V    -73,44%,1,12V    -73,44%,0,32V    -73,44%,0,40V    -73,44%,0,56V    -73,44%,0,64V    -73,44%,0,40V    -73,44%,,,,,,,,,,,,,,,,,,,,,
2016-10-10 19:59:04,,93,33,125,-50,00,75,00,37,50,50926,56,2305,12,55,280,93,33,0,86V    -73,44%,1,10V    -73,44%,1,12V    -73,44%,0,32V    -73,44%,0,40V    -73,44%,0,56V    -73,44%,0,64V    -73,44%,0,40V    -73,44%,,,,,,,,,,,,,,,,,,,,,
2016-10-10 19:59:05,,93,33,125,-50,00,75,00,37,50,50926,56,2305,27,55,280,93,33,0,86V    -73,44%,1,10V    -73,44%,1,12V    -73,44%,0,32V    -73,44%,0,40V    -73,44%,0,56V    -73,44%,0,64V    -73,44%,0,40V    -73,44%,,,,,,,,,,,,,,,,,,,,,
2016-10-10 19:59:06,,93,33,125,-50,00,75,00,37,50,50926,56,2305,31,55,280,93,33,0,86V    -73,44%,1,10V    -73,44%,1,12V    -73,44%,0,32V    -73,44%,0,40V    -73,44%,0,56V    -73,44%,0,64V    -73,44%,0,40V    -73,44%,,,,,,,,,,,,,,,,,,,,,
2016-10-10 19:59:07,,93,33,125,-50,00,75,00,37,50,50926,56,2305,31,55,280,93,33,0,86V    -73,44%,1,10V    -73,44%,1,12V    -73,44%,0,32V    -73,44%,0,40V    -73,44%,0,56V    -73,44%,0,64V    -73,44%,0,40V    -73,44%,,,,,,,,,,,,,,,,,,,,,
2016-10-10 19:59:08,,93,33,125,-50,00,75,00,37,50,50926,56,2305,62,55,280,93,33,0,86V    -73,44%,1,10V    -73,44%,1,12V    -73,44%,0,32V    -73,44%,0,40V    -73,44%,0,56V    -73,44%,0,64V    -73,44%,0,40V    -73,44%,,,,,,,,,,,,,,,,,,,,,
2016-10-10 19:59:09,,93,33,125,-50,00,75,00,37,50,50926,56,2305,63,55,280,93,33,0,86V    -73,44%,1,10V    -73,44%,1,12V    -73,44%,0,32V    -73,44%,0,40V    -73,44%,0,56V    -73,44%,0,64V    -73,44%,0,40V    -73,44%,,,,,,,,,,,,,,,,,,,,,
2016-10-10 19:59:10,,93,33,125,-50,00,75,00,37,50,50926,56,2305,83,55,280,93,33,0,86V    -73,44%,1,10V    -73,44%,1,12V    -73,44%,0,32V    -73,44%,0,40V    -73,44%,0,56V    -73,44%,0,64V    -73,44%,0,40V    -73,44%,,,,,,,,,,,,,,,,,,,,,
2016-10-10 19:59:11,,93,33,125,-50,00,75,00,37,50,50926,56,2305,93,55,280,93,33,0,86V    -73,44%,1,10V    -73,44%,1,12V    -73,44%,0,32V    -73,44%,0,40V    -73,44%,0,56V    -73,44%,0,64V    -73,44%,0,40V    -73,44%,,,,,,,,,,,,,,,,,,,,,
2016-10-10 19:59:12,,93,33,125,-50,00,75,00,37,50,50926,56,2195,93,55,280,93,33,0,86V    -73,44%,1,10V    -73,44%,1,12V    -73,44%,0,32V    -73,44%,0,40V    -73,44%,0,56V    -73,44%,0,64V    -73,44%,0,40V    -73,44%,,,,,,,,,,,,,,,,,,,,,
2016-10-10 19:59:13,,93,33,125,-50,00,75,00,37,50,50926,56,4704,93,55,280,93,33,0,86V    -73,44%,1,10V    -73,44%,1,12V    -73,44%,0,32V    -73,44%,0,40V    -73,44%,0,56V    -73,44%,0,64V    -73,44%,0,40V    -73,44%,,,,,,,,,,,,,,,,,,,,,
2016-10-10 19:59:14,,93,33,125,-50,00,75,00,37,50,50926,56,4704,93,55,280,93,33,0,86V    -73,44%,1,10V    -73,44%,1,12V    -73,44%,0,32V    -73,44%,0,40V    -73,44%,0,56V    -73,44%,0,64V    -73,44%,0,40V    -73,44%,,,,,,,,,,,,,,,,,,,,,
2016-10-10 19:59:15,,93,33,125,-50,00,75,00,37,50,50926,56,4712,93,55,280,93,33,0,86V    -73,44%,1,10V    -73,44%,1,12V    -73,44%,0,32V    -73,44%,0,40V    -73,44%,0,56V    -73,44%,0,64V    -73,44%,0,40V    -73,44%,,,,,,,,,,,,,,,,,,,,,
2016-10-10 19:59:16,,93,33,125,-50,00,75,00,37,50,50926,56,3496,93,55,280,93,33,0,86V    -73,44%,1,10V    -73,44%,1,12V    -73,44%,0,32V    -73,44%,0,40V    -73,44%,0,56V    -73,44%,0,64V    -73,44%,0,40V    -73,44%,,,,,,,,,,,,,,,,,,,,,
2016-10-10 19:59:17,,93,33,125,-50,00,75,00,37,50,50926,56,1478,93,55,280,93,33,0,86V    -73,44%,1,10V    -73,44%,1,12V    -73,44%,0,32V    -73,44%,0,40V    -73,44%,0,56V    -73,44%,0,64V    -73,44%,0,40V    -73,44%,,,,,,,,,,,,,,,,,,,,,
2016-10-10 19:59:18,,93,33,125,-50,00,75,00,37,50,50926,56,802,93,55,280,93,33,0,86V    -73,44%,1,10V    -73,44%,1,12V    -73,44%,0,32V    -73,44%,0,40V    -73,44%,0,56V    -73,44%,0,64V    -73,44%,0,40V    -73,44%,,,,,,,,,,,,,,,,,,,,,
2016-10-10 19:59:19,,93,33,125,-50,00,75,00,37,50,50926,56,785,93,55,280,93,33,0,86V    -73,44%,1,10V    -73,44%,1,12V    -73,44%,0,32V    -73,44%,0,40V    -73,44%,0,56V    -73,44%,0,64V    -73,44%,0,40V    -73,44%,,,,,,,,,,,,,,,,,,,,,
2016-10-10 19:59:20,,93,33,125,-50,00,75,00,37,50,50926,56,4983,93,55,280,93,33,0,86V    -73,44%,1,10V    -73,44%,1,12V    -73,44%,0,32V    -73,44%,0,40V    -73,44%,0,56V    -73,44%,0,64V    -73,44%,0,40V    -73,44%,,,,,,,,,,,,,,,,,,,,,
2016-10-10 19:59:21,,93,33,125,-50,00,75,00,37,50,50926,56,5000,93,55,280,93,33,0,86V    -73,44%,1,10V    -73,44%,1,12V    -73,44%,0,32V    -73,44%,0,40V    -73,44%,0,56V    -73,44%,0,64V    -73,44%,0,40V    -73,44%,,,,,,,,,,,,,,,,,,,,,
2016-10-10 19:59:22,,93,33,125,-50,00,75,00,37,50,50926,56,5000,93,55,280,93,33,0,86V    -73,44%,1,10V    -73,44%,1,12V    -73,44%,0,32V    -73,44%,0,40V    -73,44%,0,56V    -73,44%,0,64V    -73,44%,0,40V    -73,44%,,,,,,,,,,,,,,,,,,,,,
2016-10-10 19:59:23,,93,33,125,-50,00,75,00,37,50,50926,56,3082,93,55,280,93,33,0,86V    -73,44%,1,10V    -73,44%,1,12V    -73,44%,0,32V    -73,44%,0,40V    -73,44%,0,56V    -73,44%,0,64V    -73,44%,0,40V    -73,44%,,,,,,,,,,,,,,,,,,,,,
2016-10-10 19:59:24,,93,33,125,-50,00,75,00,37,50,50926,56,2668,93,55,280,93,33,0,86V    -73,44%,1,10V    -73,44%,1,12V    -73,44%,0,32V    -73,44%,0,40V    -73,44%,0,56V    -73,44%,0,64V    -73,44%,0,40V    -73,44%,,,,,,,,,,,,,,,,,,,,,
2016-10-10 19:59:25,,93,33,125,-50,00,75,00,37,50,50926,56,3057,93,55,280,93,33,0,86V    -73,44%,1,10V    -73,44%,1,12V    -73,44%,0,32V    -73,44%,0,40V    -73,44%,0,56V    -73,44%,0,64V    -73,44%,0,40V    -73,44%,,,,,,,,,,,,,,,,,,,,,
2016-10-10 19:59:26,,93,33,125,-50,00,75,00,37,50,50926,56,3057,75,55,280,93,33,0,86V    -73,44%,1,10V    -73,44%,1,12V    -73,44%,0,32V    -73,44%,0,40V    -73,44%,0,56V    -73,44%,0,64V    -73,44%,0,40V    -73,44%,,,,,,,,,,,,,,,,,,,,,
2016-10-10 19:59:27,,93,33,125,-50,00,75,00,37,50,50926,56,3057,34,55,280,93,33,0,86V    -73,44%,1,10V    -73,44%,1,12V    -73,44%,0,32V    -73,44%,0,40V    -73,44%,0,56V    -73,44%,0,64V    -73,44%,0,40V    -73,44%,,,,,,,,,,,,,,,,,,,,,
2016-10-10 19:59:28,,93,33,125,-50,00,75,00,37,50,50926,56,3057,9,55,280,93,33,0,86V    -73,44%,1,10V    -73,44%,1,12V    -73,44%,0,32V    -73,44%,0,40V    -73,44%,0,56V    -73,44%,0,64V    -73,44%,0,40V    -73,44%,,,,,,,,,,,,,,,,,,,,,
2016-10-10 19:59:29,,93,33,125,-50,00,75,00,37,50,50926,56,3057,83,55,280,93,33,0,86V    -73,44%,1,10V    -73,44%,1,12V    -73,44%,0,32V    -73,44%,0,40V    -73,44%,0,56V    -73,44%,0,64V    -73,44%,0,40V    -73,44%,,,,,,,,,,,,,,,,,,,,,
2016-10-10 19:59:30,,93,33,125,-50,00,75,00,37,50,50926,56,3057,111,55,280,93,33,0,86V    -73,44%,1,10V    -73,44%,1,12V    -73,44%,0,32V    -73,44%,0,40V    -73,44%,0,56V    -73,44%,0,64V    -73,44%,0,40V    -73,44%,,,,,,,,,,,,,,,,,,,,,
2016-10-10 19:59:31,,93,33,125,-50,00,75,00,37,50,50926,56,3057,25,55,280,93,33,0,86V    -73,44%,1,10V    -73,44%,1,12V    -73,44%,0,32V    -73,44%,0,40V    -73,44%,0,56V    -73,44%,0,64V    -73,44%,0,40V    -73,44%,,,,,,,,,,,,,,,,,,,,,
2016-10-10 19:59:32,,93,33,125,-50,00,75,00,37,50,50926,56,3057,25,55,280,93,33,0,86V    -73,44%,1,10V    -73,44%,1,12V    -73,44%,0,32V    -73,44%,0,40V    -73,44%,0,56V    -73,44%,0,64V    -73,44%,0,40V    -73,44%,,,,,,,,,,,,,,,,,,,,,
2016-10-10 19:59:33,,93,33,125,-50,00,75,00,37,50,50926,56,3057,99,55,280,93,33,0,86V    -73,44%,1,10V    -73,44%,1,12V    -73,44%,0,32V    -73,44%,0,40V    -73,44%,0,56V    -73,44%,0,64V    -73,44%,0,40V    -73,44%,,,,,,,,,,,,,,,,,,,,,
2016-10-10 19:59:34,,93,33,125,-50,00,75,00,37,50,50926,56,3057,96,55,280,93,33,0,86V    -73,44%,1,10V    -73,44%,1,12V    -73,44%,0,32V    -73,44%,0,40V    -73,44%,0,56V    -73,44%,0,64V    -73,44%,0,40V    -73,44%,,,,,,,,,,,,,,,,,,,,,
2016-10-10 19:59:35,,93,33,125,-50,00,75,00,37,50,50926,56,3057,35,55,280,93,33,0,86V    -73,44%,1,10V    -73,44%,1,12V    -73,44%,0,32V    -73,44%,0,40V    -73,44%,0,56V    -73,44%,0,64V    -73,44%,0,40V    -73,44%,,,,,,,,,,,,,,,,,,,,,
2016-10-10 19:59:36,,93,33,125,-50,00,75,00,37,50,50926,56,3057,9,55,280,93,33,0,86V    -73,44%,1,10V    -73,44%,1,12V    -73,44%,0,32V    -73,44%,0,40V    -73,44%,0,56V    -73,44%,0,64V    -73,44%,0,40V    -73,44%,,,,,,,,,,,,,,,,,,,,,
2016-10-10 19:59:37,,93,33,125,-50,00,75,00,37,50,50926,56,3057,57,55,280,93,33,0,86V    -73,44%,1,10V    -73,44%,1,12V    -73,44%,0,32V    -73,44%,0,40V    -73,44%,0,56V    -73,44%,0,64V    -73,44%,0,40V    -73,44%,,,,,,,,,,,,,,,,,,,,,
2016-10-10 19:59:38,,93,33,125,-50,00,75,00,37,50,50926,56,3057,93,55,280,93,33,0,86V    -73,44%,1,10V    -73,44%,1,12V    -73,44%,0,32V    -73,44%,0,40V    -73,44%,0,56V    -73,44%,0,64V    -73,44%,0,40V    -73,44%,,,,,,,,,,,,,,,,,,,,,
2016-10-10 19:59:39,,93,33,125,-50,00,75,00,37,50,50926,56,3057,94,55,280,93,33,0,86V    -73,44%,1,10V    -73,44%,1,12V    -73,44%,0,32V    -73,44%,0,40V    -73,44%,0,56V    -73,44%,0,64V    -73,44%,0,40V    -73,44%,,,,,,,,,,,,,,,,,,,,,
2016-10-10 19:59:40,,93,33,125,-50,00,75,00,37,50,50926,56,3057,40,55,280,93,33,0,86V    -73,44%,1,10V    -73,44%,1,12V    -73,44%,0,32V    -73,44%,0,40V    -73,44%,0,56V    -73,44%,0,64V    -73,44%,0,40V    -73,44%,,,,,,,,,,,,,,,,,,,,,
2016-10-10 19:59:41,,93,33,125,-50,00,75,00,37,50,50926,56,3057,21,55,280,93,33,0,86V    -73,44%,1,10V    -73,44%,1,12V    -73,44%,0,32V    -73,44%,0,40V    -73,44%,0,56V    -73,44%,0,64V    -73,44%,0,40V    -73,44%,,,,,,,,,,,,,,,,,,,,,
2016-10-10 19:59:42,,93,33,125,-50,00,75,00,37,50,50926,56,3057,90,55,280,93,33,0,86V    -73,44%,1,10V    -73,44%,1,12V    -73,44%,0,32V    -73,44%,0,40V    -73,44%,0,56V    -73,44%,0,64V    -73,44%,0,40V    -73,44%,,,,,,,,,,,,,,,,,,,,,
2016-10-10 19:59:43,,93,33,125,-50,00,75,00,37,50,50926,56,3057,109,55,280,93,33,0,86V    -73,44%,1,10V    -73,44%,1,12V    -73,44%,0,32V    -73,44%,0,40V    -73,44%,0,56V    -73,44%,0,64V    -73,44%,0,40V    -73,44%,,,,,,,,,,,,,,,,,,,,,
2016-10-10 19:59:44,,93,33,125,-50,00,75,00,37,50,50926,56,3057,11,55,280,93,33,0,86V    -73,44%,1,10V    -73,44%,1,12V    -73,44%,0,32V    -73,44%,0,40V    -73,44%,0,56V    -73,44%,0,64V    -73,44%,0,40V    -73,44%,,,,,,,,,,,,,,,,,,,,,
2016-10-10 19:59:45,,93,33,125,-50,00,75,00,37,50,50926,56,3057,102,55,280,93,33,0,86V    -73,44%,1,10V    -73,44%,1,12V    -73,44%,0,32V    -73,44%,0,40V    -73,44%,0,56V    -73,44%,0,64V    -73,44%,0,40V    -73,44%,,,,,,,,,,,,,,,,,,,,,
2016-10-10 19:59:46,,93,33,125,-50,00,75,00,37,50,50926,56,3057,39,55,280,93,33,0,86V    -73,44%,1,10V    -73,44%,1,12V    -73,44%,0,32V    -73,44%,0,40V    -73,44%,0,56V    -73,44%,0,64V    -73,44%,0,40V    -73,44%,,,,,,,,,,,,,,,,,,,,,
2016-10-10 19:59:47,,93,33,125,-50,00,75,00,37,50,50926,56,3057,71,55,280,93,33,0,86V    -73,44%,1,10V    -73,44%,1,12V    -73,44%,0,32V    -73,44%,0,40V    -73,44%,0,56V    -73,44%,0,64V    -73,44%,0,40V    -73,44%,,,,,,,,,,,,,,,,,,,,,
2016-10-10 19:59:48,,93,33,125,-50,00,75,00,37,50,50926,56,3057,85,55,280,93,33,0,86V    -73,44%,1,10V    -73,44%,1,12V    -73,44%,0,32V    -73,44%,0,40V    -73,44%,0,56V    -73,44%,0,64V    -73,44%,0,40V    -73,44%,,,,,,,,,,,,,,,,,,,,,
2016-10-10 19:59:49,,93,33,125,-50,00,75,00,37,50,50926,56,3057,17,55,280,93,33,0,86V    -73,44%,1,10V    -73,44%,1,12V    -73,44%,0,32V    -73,44%,0,40V    -73,44%,0,56V    -73,44%,0,64V    -73,44%,0,40V    -73,44%,,,,,,,,,,,,,,,,,,,,,
2016-10-10 19:59:50,,93,33,125,-50,00,75,00,37,50,50926,56,3057,103,55,280,93,33,0,86V    -73,44%,1,10V    -73,44%,1,12V    -73,44%,0,32V    -73,44%,0,40V    -73,44%,0,56V    -73,44%,0,64V    -73,44%,0,40V    -73,44%,,,,,,,,,,,,,,,,,,,,,
2016-10-10 19:59:51,,93,33,125,-50,00,75,00,37,50,50926,56,3057,30,55,280,93,33,0,86V    -73,44%,1,10V    -73,44%,1,12V    -73,44%,0,32V    -73,44%,0,40V    -73,44%,0,56V    -73,44%,0,64V    -73,44%,0,40V    -73,44%,,,,,,,,,,,,,,,,,,,,,
2016-10-10 19:59:52,,93,33,125,-50,00,75,00,37,50,50926,56,3057,94,55,280,93,33,0,86V    -73,44%,1,10V    -73,44%,1,12V    -73,44%,0,32V    -73,44%,0,40V    -73,44%,0,56V    -73,44%,0,64V    -73,44%,0,40V    -73,44%,,,,,,,,,,,,,,,,,,,,,
2016-10-10 19:59:53,,93,33,125,-50,00,75,00,37,50,50926,56,3057,50,55,280,93,33,0,86V    -73,44%,1,10V    -73,44%,1,12V    -73,44%,0,32V    -73,44%,0,40V    -73,44%,0,56V    -73,44%,0,64V    -73,44%,0,40V    -73,44%,,,,,,,,,,,,,,,,,,,,,
2016-10-10 19:59:54,,93,33,125,-50,00,75,00,37,50,50926,56,3057,60,55,280,93,33,0,86V    -73,44%,1,10V    -73,44%,1,12V    -73,44%,0,32V    -73,44%,0,40V    -73,44%,0,56V    -73,44%,0,64V    -73,44%,0,40V    -73,44%,,,,,,,,,,,,,,,,,,,,,
2016-10-10 19:59:55,,93,33,125,-50,00,75,00,37,50,50926,56,3057,8,55,280,93,33,0,86V    -73,44%,1,10V    -73,44%,1,12V    -73,44%,0,32V    -73,44%,0,40V    -73,44%,0,56V    -73,44%,0,64V    -73,44%,0,40V    -73,44%,,,,,,,,,,,,,,,,,,,,,
2016-10-10 19:59:57,,93,33,125,-50,00,75,00,37,50,50926,56,3057,102,55,280,93,33,0,86V    -73,44%,1,10V    -73,44%,1,12V    -73,44%,0,32V    -73,44%,0,40V    -73,44%,0,56V    -73,44%,0,64V    -73,44%,0,40V    -73,44%,,,,,,,,,,,,,,,,,,,,,
2016-10-10 19:59:58,,93,33,125,-50,00,75,00,37,50,50926,56,3057,2,55,280,93,33,0,86V    -73,44%,1,10V    -73,44%,1,12V    -73,44%,0,32V    -73,44%,0,40V    -73,44%,0,56V    -73,44%,0,64V    -73,44%,0,40V    -73,44%,,,,,,,,,,,,,,,,,,,,,
2016-10-10 19:59:59,,93,33,125,-50,00,75,00,37,50,50926,56,3057,106,55,280,93,33,0,86V    -73,44%,1,10V    -73,44%,1,12V    -73,44%,0,32V    -73,44%,0,40V    -73,44%,0,56V    -73,44%,0,64V    -73,44%,0,40V    -73,44%,,,,,,,,,,,,,,,,,,,,,
2016-10-10 20:00:00,,93,33,125,-50,00,75,00,37,50,50926,56,3057,2,55,280,93,33,0,86V    -73,44%,1,10V    -73,44%,1,12V    -73,44%,0,32V    -73,44%,0,40V    -73,44%,0,56V    -73,44%,0,64V    -73,44%,0,40V    -73,44%,,,,,,,,,,,,,,,,,,,,,
2016-10-10 20:00:01,,93,33,125,-50,00,75,00,37,50,50926,56,3057,106,55,280,93,33,0,86V    -73,44%,1,10V    -73,44%,1,12V    -73,44%,0,32V    -73,44%,0,40V    -73,44%,0,56V    -73,44%,0,64V    -73,44%,0,40V    -73,44%,,,,,,,,,,,,,,,,,,,,,
2016-10-10 20:00:02,,93,33,125,-50,00,75,00,37,50,50926,56,3057,9,55,280,93,33,0,86V    -73,44%,1,10V    -73,44%,1,12V    -73,44%,0,32V    -73,44%,0,40V    -73,44%,0,56V    -73,44%,0,64V    -73,44%,0,40V    -73,44%,,,,,,,,,,,,,,,,,,,,,
2016-10-10 20:00:03,,93,33,125,-50,00,75,00,37,50,50926,56,3057,99,55,280,93,33,0,86V    -73,44%,1,10V    -73,44%,1,12V    -73,44%,0,32V    -73,44%,0,40V    -73,44%,0,56V    -73,44%,0,64V    -73,44%,0,40V    -73,44%,,,,,,,,,,,,,,,,,,,,,
2016-10-10 20:00:04,,93,33,125,-50,00,75,00,37,50,50926,56,3057,46,55,280,93,33,0,86V    -73,44%,1,10V    -73,44%,1,12V    -73,44%,0,32V    -73,44%,0,40V    -73,44%,0,56V    -73,44%,0,64V    -73,44%,0,40V    -73,44%,,,,,,,,,,,,,,,,,,,,,
2016-10-10 20:00:05,,93,33,125,-50,00,75,00,37,50,50926,56,3057,49,55,280,93,33,0,86V    -73,44%,1,10V    -73,44%,1,12V    -73,44%,0,32V    -73,44%,0,40V    -73,44%,0,56V    -73,44%,0,64V    -73,44%,0,40V    -73,44%,,,,,,,,,,,,,,,,,,,,,
2016-10-10 20:00:06,,93,33,125,-50,00,75,00,37,50,50926,56,3057,92,55,280,93,33,0,86V    -73,44%,1,10V    -73,44%,1,12V    -73,44%,0,32V    -73,44%,0,40V    -73,44%,0,56V    -73,44%,0,64V    -73,44%,0,40V    -73,44%,,,,,,,,,,,,,,,,,,,,,
2016-10-10 20:00:07,,93,33,125,-50,00,75,00,37,50,50926,56,3057,15,55,280,93,33,0,86V    -73,44%,1,10V    -73,44%,1,12V    -73,44%,0,32V    -73,44%,0,40V    -73,44%,0,56V    -73,44%,0,64V    -73,44%,0,40V    -73,44%,,,,,,,,,,,,,,,,,,,,,
2016-10-10 20:00:08,,93,33,125,-50,00,75,00,37,50,50926,56,3057,88,55,280,93,33,0,86V    -73,44%,1,10V    -73,44%,1,12V    -73,44%,0,32V    -73,44%,0,40V    -73,44%,0,56V    -73,44%,0,64V    -73,44%,0,40V    -73,44%,,,,,,,,,,,,,,,,,,,,,
2016-10-10 20:00:09,,93,33,125,-50,00,75,00,37,50,50926,56,3057,21,55,280,93,33,0,86V    -73,44%,1,10V    -73,44%,1,12V    -73,44%,0,32V    -73,44%,0,40V    -73,44%,0,56V    -73,44%,0,64V    -73,44%,0,40V    -73,44%,,,,,,,,,,,,,,,,,,,,,
2016-10-10 20:00:10,,93,33,125,-50,00,75,00,37,50,50926,56,3057,95,55,280,93,33,0,86V    -73,44%,1,10V    -73,44%,1,12V    -73,44%,0,32V    -73,44%,0,40V    -73,44%,0,56V    -73,44%,0,64V    -73,44%,0,40V    -73,44%,,,,,,,,,,,,,,,,,,,,,
2016-10-10 20:00:11,,93,33,125,-50,00,75,00,37,50,50926,56,3057,6,55,280,93,33,0,86V    -73,44%,1,10V    -73,44%,1,12V    -73,44%,0,32V    -73,44%,0,40V    -73,44%,0,56V    -73,44%,0,64V    -73,44%,0,40V    -73,44%,,,,,,,,,,,,,,,,,,,,,
2016-10-10 20:00:12,,93,33,125,-50,00,75,00,37,50,50926,56,3057,97,55,280,93,33,0,86V    -73,44%,1,10V    -73,44%,1,12V    -73,44%,0,32V    -73,44%,0,40V    -73,44%,0,56V    -73,44%,0,64V    -73,44%,0,40V    -73,44%,,,,,,,,,,,,,,,,,,,,,
2016-10-10 20:00:13,,93,33,125,-50,00,75,00,37,50,50926,56,3057,76,55,280,93,33,0,86V    -73,44%,1,10V    -73,44%,1,12V    -73,44%,0,32V    -73,44%,0,40V    -73,44%,0,56V    -73,44%,0,64V    -73,44%,0,40V    -73,44%,,,,,,,,,,,,,,,,,,,,,
2016-10-10 20:00:14,,93,33,125,-50,00,75,00,37,50,50926,56,3057,20,55,280,93,33,0,86V    -73,44%,1,10V    -73,44%,1,12V    -73,44%,0,32V    -73,44%,0,40V    -73,44%,0,56V    -73,44%,0,64V    -73,44%,0,40V    -73,44%,,,,,,,,,,,,,,,,,,,,,
2016-10-10 20:00:15,,93,33,125,-50,00,75,00,37,50,50926,56,1300,20,55,280,93,33,0,86V    -73,44%,1,10V    -73,44%,1,12V    -73,44%,0,32V    -73,44%,0,40V    -73,44%,0,56V    -73,44%,0,64V    -73,44%,0,40V    -73,44%,,,,,,,,,,,,,,,,,,,,,
2016-10-10 20:00:16,,93,33,125,-50,00,75,00,37,50,50926,56,3538,20,55,280,93,33,0,86V    -73,44%,1,10V    -73,44%,1,12V    -73,44%,0,32V    -73,44%,0,40V    -73,44%,0,56V    -73,44%,0,64V    -73,44%,0,40V    -73,44%,,,,,,,,,,,,,,,,,,,,,
2016-10-10 20:00:17,,93,33,125,-50,00,75,00,37,50,50926,56,1613,20,55,280,93,33,0,86V    -73,44%,1,10V    -73,44%,1,12V    -73,44%,0,32V    -73,44%,0,40V    -73,44%,0,56V    -73,44%,0,64V    -73,44%,0,40V    -73,44%,,,,,,,,,,,,,,,,,,,,,
2016-10-10 20:00:18,,93,33,125,-50,00,75,00,37,50,50926,56,751,20,55,280,93,33,0,86V    -73,44%,1,10V    -73,44%,1,12V    -73,44%,0,32V    -73,44%,0,40V    -73,44%,0,56V    -73,44%,0,64V    -73,44%,0,40V    -73,44%,,,,,,,,,,,,,,,,,,,,,
2016-10-10 20:00:19,,93,33,125,-50,00,75,00,37,50,50926,56,1545,20,55,280,93,33,0,86V    -73,44%,1,10V    -73,44%,1,12V    -73,44%,0,32V    -73,44%,0,40V    -73,44%,0,56V    -73,44%,0,64V    -73,44%,0,40V    -73,44%,,,,,,,,,,,,,,,,,,,,,
2016-10-10 20:00:20,,93,33,125,-50,00,75,00,37,50,50926,56,2744,20,55,280,93,33,0,86V    -73,44%,1,10V    -73,44%,1,12V    -73,44%,0,32V    -73,44%,0,40V    -73,44%,0,56V    -73,44%,0,64V    -73,44%,0,40V    -73,44%,,,,,,,,,,,,,,,,,,,,,
2016-10-10 20:00:21,,93,33,125,-50,00,75,00,37,50,50926,56,3125,20,55,280,93,33,0,86V    -73,44%,1,10V    -73,44%,1,12V    -73,44%,0,32V    -73,44%,0,40V    -73,44%,0,56V    -73,44%,0,64V    -73,44%,0,40V    -73,44%,,,,,,,,,,,,,,,,,,,,,
2016-10-10 20:00:22,,93,33,125,-50,00,75,00,37,50,50926,56,3125,20,55,280,93,33,0,86V    -73,44%,1,10V    -73,44%,1,12V    -73,44%,0,32V    -73,44%,0,40V    -73,44%,0,56V    -73,44%,0,64V    -73,44%,0,40V    -73,44%,,,,,,,,,,,,,,,,,,,,,
2016-10-10 20:00:23,,93,33,125,-50,00,75,00,37,50,50926,56,3125,20,55,280,93,33,0,86V    -73,44%,1,10V    -73,44%,1,12V    -73,44%,0,32V    -73,44%,0,40V    -73,44%,0,56V    -73,44%,0,64V    -73,44%,0,40V    -73,44%,,,,,,,,,,,,,,,,,,,,,
2016-10-10 20:00:24,,93,33,125,-50,00,75,00,37,50,50926,56,3125,20,55,280,93,33,0,86V    -73,44%,1,10V    -73,44%,1,12V    -73,44%,0,32V    -73,44%,0,40V    -73,44%,0,56V    -73,44%,0,64V    -73,44%,0,40V    -73,44%,,,,,,,,,,,,,,,,,,,,,
2016-10-10 20:00:25,,93,33,125,-50,00,75,00,37,50,50926,56,3125,20,55,280,93,33,0,86V    -73,44%,1,10V    -73,44%,1,12V    -73,44%,0,32V    -73,44%,0,40V    -73,44%,0,56V    -73,44%,0,64V    -73,44%,0,40V    -73,44%,,,,,,,,,,,,,,,,,,,,,
2016-10-10 20:00:26,,93,33,125,-50,00,75,00,37,50,50926,56,3125,20,55,280,93,33,0,86V    -73,44%,1,10V    -73,44%,1,12V    -73,44%,0,32V    -73,44%,0,40V    -73,44%,0,56V    -73,44%,0,64V    -73,44%,0,40V    -73,44%,,,,,,,,,,,,,,,,,,,,,
2016-10-10 20:00:27,,93,33,125,-50,00,75,00,37,50,50926,56,3125,20,55,280,93,33,0,86V    -73,44%,1,10V    -73,44%,1,12V    -73,44%,0,32V    -73,44%,0,40V    -73,44%,0,56V    -73,44%,0,64V    -73,44%,0,40V    -73,44%,,,,,,,,,,,,,,,,,,,,,
2016-10-10 20:00:28,,93,33,125,-50,00,75,00,37,50,50926,56,3125,20,55,280,93,33,0,86V    -73,44%,1,10V    -73,44%,1,12V    -73,44%,0,32V    -73,44%,0,40V    -73,44%,0,56V    -73,44%,0,64V    -73,44%,0,40V    -73,44%,,,,,,,,,,,,,,,,,,,,,
2016-10-10 20:00:29,,93,33,125,-50,00,75,00,37,50,50926,56,3125,64,55,280,93,33,0,86V    -73,44%,1,10V    -73,44%,1,12V    -73,44%,0,32V    -73,44%,0,40V    -73,44%,0,56V    -73,44%,0,64V    -73,44%,0,40V    -73,44%,,,,,,,,,,,,,,,,,,,,,
2016-10-10 20:00:30,,93,33,125,-50,00,75,00,37,50,50926,56,3125,91,55,280,93,33,0,86V    -73,44%,1,10V    -73,44%,1,12V    -73,44%,0,32V    -73,44%,0,40V    -73,44%,0,56V    -73,44%,0,64V    -73,44%,0,40V    -73,44%,,,,,,,,,,,,,,,,,,,,,
2016-10-10 20:00:31,,93,33,125,-50,00,75,00,37,50,50926,56,3125,91,55,280,93,33,0,86V    -73,44%,1,10V    -73,44%,1,12V    -73,44%,0,32V    -73,44%,0,40V    -73,44%,0,56V    -73,44%,0,64V    -73,44%,0,40V    -73,44%,,,,,,,,,,,,,,,,,,,,,
2016-10-10 20:00:32,,93,33,125,-50,00,75,00,37,50,50926,56,3125,91,55,280,93,33,0,86V    -73,44%,1,10V    -73,44%,1,12V    -73,44%,0,32V    -73,44%,0,40V    -73,44%,0,56V    -73,44%,0,64V    -73,44%,0,40V    -73,44%,,,,,,,,,,,,,,,,,,,,,
2016-10-10 20:00:33,,93,33,125,-50,00,75,00,37,50,50926,56,3125,62,55,280,93,33,0,86V    -73,44%,1,10V    -73,44%,1,12V    -73,44%,0,32V    -73,44%,0,40V    -73,44%,0,56V    -73,44%,0,64V    -73,44%,0,40V    -73,44%,,,,,,,,,,,,,,,,,,,,,
2016-10-10 20:00:34,,93,33,125,-50,00,75,00,37,50,50926,56,3125,27,55,280,93,33,0,86V    -73,44%,1,10V    -73,44%,1,12V    -73,44%,0,32V    -73,44%,0,40V    -73,44%,0,56V    -73,44%,0,64V    -73,44%,0,40V    -73,44%,,,,,,,,,,,,,,,,,,,,,
2016-10-10 20:00:35,,93,33,125,-50,00,75,00,37,50,50926,56,3125,72,55,280,93,33,0,86V    -73,44%,1,10V    -73,44%,1,12V    -73,44%,0,32V    -73,44%,0,40V    -73,44%,0,56V    -73,44%,0,64V    -73,44%,0,40V    -73,44%,,,,,,,,,,,,,,,,,,,,,
2016-10-10 20:00:36,,93,33,125,-50,00,75,00,37,50,50926,56,3961,72,55,280,93,33,0,86V    -73,44%,1,10V    -73,44%,1,12V    -73,44%,0,32V    -73,44%,0,40V    -73,44%,0,56V    -73,44%,0,64V    -73,44%,0,40V    -73,44%,,,,,,,,,,,,,,,,,,,,,
2016-10-10 20:00:37,,93,33,125,-50,00,75,00,37,50,50926,56,3961,72,55,280,93,33,0,86V    -73,44%,1,10V    -73,44%,1,12V    -73,44%,0,32V    -73,44%,0,40V    -73,44%,0,56V    -73,44%,0,64V    -73,44%,0,40V    -73,44%,,,,,,,,,,,,,,,,,,,,,
2016-10-10 20:00:38,,93,33,125,-50,00,75,00,37,50,50926,56,3961,80,55,280,93,33,0,86V    -73,44%,1,10V    -73,44%,1,12V    -73,44%,0,32V    -73,44%,0,40V    -73,44%,0,56V    -73,44%,0,64V    -73,44%,0,40V    -73,44%,,,,,,,,,,,,,,,,,,,,,
2016-10-10 20:00:39,,93,33,125,-50,00,75,00,37,50,50926,56,3961,80,55,280,93,33,0,86V    -73,44%,1,10V    -73,44%,1,12V    -73,44%,0,32V    -73,44%,0,40V    -73,44%,0,56V    -73,44%,0,64V    -73,44%,0,40V    -73,44%,,,,,,,,,,,,,,,,,,,,,
2016-10-10 20:00:40,,93,33,125,-50,00,75,00,37,50,50926,56,3961,80,55,280,93,33,0,86V    -73,44%,1,10V    -73,44%,1,12V    -73,44%,0,32V    -73,44%,0,40V    -73,44%,0,56V    -73,44%,0,64V    -73,44%,0,40V    -73,44%,,,,,,,,,,,,,,,,,,,,,
2016-10-10 20:00:41,,93,33,125,-50,00,75,00,37,50,50926,56,4138,80,55,280,93,33,0,86V    -73,44%,1,10V    -73,44%,1,12V    -73,44%,0,32V    -73,44%,0,40V    -73,44%,0,56V    -73,44%,0,64V    -73,44%,0,40V    -73,44%,,,,,,,,,,,,,,,,,,,,,
2016-10-10 20:00:42,,93,33,125,-50,00,75,00,37,50,50926,56,3868,80,55,280,93,33,0,86V    -73,44%,1,10V    -73,44%,1,12V    -73,44%,0,32V    -73,44%,0,40V    -73,44%,0,56V    -73,44%,0,64V    -73,44%,0,40V    -73,44%,,,,,,,,,,,,,,,,,,,,,
2016-10-10 20:00:43,,93,33,125,-50,00,75,00,37,50,50926,56,3116,80,55,280,93,33,0,86V    -73,44%,1,10V    -73,44%,1,12V    -73,44%,0,32V    -73,44%,0,40V    -73,44%,0,56V    -73,44%,0,64V    -73,44%,0,40V    -73,44%,,,,,,,,,,,,,,,,,,,,,
2016-10-10 20:00:44,,93,33,125,-50,00,75,00,37,50,50926,56,2922,80,55,280,93,33,0,86V    -73,44%,1,10V    -73,44%,1,12V    -73,44%,0,32V    -73,44%,0,40V    -73,44%,0,56V    -73,44%,0,64V    -73,44%,0,40V    -73,44%,,,,,,,,,,,,,,,,,,,,,
2016-10-10 20:00:45,,93,33,125,-50,00,75,00,37,50,50926,56,2922,80,55,280,93,33,0,86V    -73,44%,1,10V    -73,44%,1,12V    -73,44%,0,32V    -73,44%,0,40V    -73,44%,0,56V    -73,44%,0,64V    -73,44%,0,40V    -73,44%,,,,,,,,,,,,,,,,,,,,,
2016-10-10 20:00:46,,93,33,125,-50,00,75,00,37,50,50926,56,3125,80,55,280,93,33,0,86V    -73,44%,1,10V    -73,44%,1,12V    -73,44%,0,32V    -73,44%,0,40V    -73,44%,0,56V    -73,44%,0,64V    -73,44%,0,40V    -73,44%,,,,,,,,,,,,,,,,,,,,,
2016-10-10 20:00:47,,93,33,125,-50,00,75,00,37,50,50926,56,2964,80,55,280,93,33,0,86V    -73,44%,1,10V    -73,44%,1,12V    -73,44%,0,32V    -73,44%,0,40V    -73,44%,0,56V    -73,44%,0,64V    -73,44%,0,40V    -73,44%,,,,,,,,,,,,,,,,,,,,,
2016-10-10 20:00:48,,93,33,125,-50,00,75,00,37,50,50926,56,2964,80,55,280,93,33,0,86V    -73,44%,1,10V    -73,44%,1,12V    -73,44%,0,32V    -73,44%,0,40V    -73,44%,0,56V    -73,44%,0,64V    -73,44%,0,40V    -73,44%,,,,,,,,,,,,,,,,,,,,,
2016-10-10 20:00:49,,93,33,125,-50,00,75,00,37,50,50926,56,3108,80,55,280,93,33,0,86V    -73,44%,1,10V    -73,44%,1,12V    -73,44%,0,32V    -73,44%,0,40V    -73,44%,0,56V    -73,44%,0,64V    -73,44%,0,40V    -73,44%,,,,,,,,,,,,,,,,,,,,,
2016-10-10 20:00:50,,93,33,125,-50,00,75,00,37,50,50926,56,3082,80,55,280,93,33,0,86V    -73,44%,1,10V    -73,44%,1,12V    -73,44%,0,32V    -73,44%,0,40V    -73,44%,0,56V    -73,44%,0,64V    -73,44%,0,40V    -73,44%,,,,,,,,,,,,,,,,,,,,,
2016-10-10 20:00:51,,93,33,125,-50,00,75,00,37,50,50926,56,3082,80,55,280,93,33,0,86V    -73,44%,1,10V    -73,44%,1,12V    -73,44%,0,32V    -73,44%,0,40V    -73,44%,0,56V    -73,44%,0,64V    -73,44%,0,40V    -73,44%,,,,,,,,,,,,,,,,,,,,,
2016-10-10 20:00:52,,93,33,125,-50,00,75,00,37,50,50926,56,3082,80,55,280,93,33,0,86V    -73,44%,1,10V    -73,44%,1,12V    -73,44%,0,32V    -73,44%,0,40V    -73,44%,0,56V    -73,44%,0,64V    -73,44%,0,40V    -73,44%,,,,,,,,,,,,,,,,,,,,,
2016-10-10 20:00:53,,93,33,125,-50,00,75,00,37,50,50926,56,3082,80,55,280,93,33,0,86V    -73,44%,1,10V    -73,44%,1,12V    -73,44%,0,32V    -73,44%,0,40V    -73,44%,0,56V    -73,44%,0,64V    -73,44%,0,40V    -73,44%,,,,,,,,,,,,,,,,,,,,,
2016-10-10 20:00:54,,93,33,125,-50,00,75,00,37,50,50926,56,3082,80,55,280,93,33,0,86V    -73,44%,1,10V    -73,44%,1,12V    -73,44%,0,32V    -73,44%,0,40V    -73,44%,0,56V    -73,44%,0,64V    -73,44%,0,40V    -73,44%,,,,,,,,,,,,,,,,,,,,,
2016-10-10 20:00:55,,93,33,125,-50,00,75,00,37,50,50926,56,3082,80,55,280,93,33,0,86V    -73,44%,1,10V    -73,44%,1,12V    -73,44%,0,32V    -73,44%,0,40V    -73,44%,0,56V    -73,44%,0,64V    -73,44%,0,40V    -73,44%,,,,,,,,,,,,,,,,,,,,,
2016-10-10 20:00:56,,93,33,125,-50,00,75,00,37,50,50926,56,3082,80,55,280,93,33,0,86V    -73,44%,1,10V    -73,44%,1,12V    -73,44%,0,32V    -73,44%,0,40V    -73,44%,0,56V    -73,44%,0,64V    -73,44%,0,40V    -73,44%,,,,,,,,,,,,,,,,,,,,,
2016-10-10 20:00:57,,93,33,125,-50,00,75,00,37,50,50926,56,3082,80,55,280,93,33,0,86V    -73,44%,1,10V    -73,44%,1,12V    -73,44%,0,32V    -73,44%,0,40V    -73,44%,0,56V    -73,44%,0,64V    -73,44%,0,40V    -73,44%,,,,,,,,,,,,,,,,,,,,,
2016-10-10 20:00:58,,93,33,125,-50,00,75,00,37,50,50926,56,3082,80,55,280,93,33,0,86V    -73,44%,1,10V    -73,44%,1,12V    -73,44%,0,32V    -73,44%,0,40V    -73,44%,0,56V    -73,44%,0,64V    -73,44%,0,40V    -73,44%,,,,,,,,,,,,,,,,,,,,,
2016-10-10 20:00:59,,93,33,125,-50,00,75,00,37,50,50926,56,3082,80,55,280,93,33,0,86V    -73,44%,1,10V    -73,44%,1,12V    -73,44%,0,32V    -73,44%,0,40V    -73,44%,0,56V    -73,44%,0,64V    -73,44%,0,40V    -73,44%,,,,,,,,,,,,,,,,,,,,,
2016-10-10 20:01:00,,93,33,125,-50,00,75,00,37,50,50926,56,3082,80,55,280,93,33,0,86V    -73,44%,1,10V    -73,44%,1,12V    -73,44%,0,32V    -73,44%,0,40V    -73,44%,0,56V    -73,44%,0,64V    -73,44%,0,40V    -73,44%,,,,,,,,,,,,,,,,,,,,,
2016-10-10 20:01:01,,93,33,125,-50,00,75,00,37,50,50926,56,3082,80,55,280,93,33,0,86V    -73,44%,1,10V    -73,44%,1,12V    -73,44%,0,32V    -73,44%,0,40V    -73,44%,0,56V    -73,44%,0,64V    -73,44%,0,40V    -73,44%,,,,,,,,,,,,,,,,,,,,,
2016-10-10 20:01:02,,93,33,125,-50,00,75,00,37,50,50926,56,3082,80,55,280,93,33,0,86V    -73,44%,1,10V    -73,44%,1,12V    -73,44%,0,32V    -73,44%,0,40V    -73,44%,0,56V    -73,44%,0,64V    -73,44%,0,40V    -73,44%,,,,,,,,,,,,,,,,,,,,,
2016-10-10 20:01:03,,93,33,125,-50,00,75,00,37,50,50926,56,3082,80,55,280,93,33,0,86V    -73,44%,1,10V    -73,44%,1,12V    -73,44%,0,32V    -73,44%,0,40V    -73,44%,0,56V    -73,44%,0,64V    -73,44%,0,40V    -73,44%,,,,,,,,,,,,,,,,,,,,,
2016-10-10 20:01:04,,93,33,125,-50,00,75,00,37,50,50926,56,3082,80,55,280,93,33,0,86V    -73,44%,1,10V    -73,44%,1,12V    -73,44%,0,32V    -73,44%,0,40V    -73,44%,0,56V    -73,44%,0,64V    -73,44%,0,40V    -73,44%,,,,,,,,,,,,,,,,,,,,,
2016-10-10 20:01:05,,93,33,125,-50,00,75,00,37,50,50926,56,3082,80,55,280,93,33,0,86V    -73,44%,1,10V    -73,44%,1,12V    -73,44%,0,32V    -73,44%,0,40V    -73,44%,0,56V    -73,44%,0,64V    -73,44%,0,40V    -73,44%,,,,,,,,,,,,,,,,,,,,,
2016-10-10 20:01:06,,93,33,125,-50,00,75,00,37,50,50926,56,3082,80,55,280,93,33,0,86V    -73,44%,1,10V    -73,44%,1,12V    -73,44%,0,32V    -73,44%,0,40V    -73,44%,0,56V    -73,44%,0,64V    -73,44%,0,40V    -73,44%,,,,,,,,,,,,,,,,,,,,,
2016-10-10 20:01:07,,93,33,125,-50,00,75,00,37,50,50926,56,3082,80,55,280,93,33,0,86V    -73,44%,1,10V    -73,44%,1,12V    -73,44%,0,32V    -73,44%,0,40V    -73,44%,0,56V    -73,44%,0,64V    -73,44%,0,40V    -73,44%,,,,,,,,,,,,,,,,,,,,,
2016-10-10 20:01:08,,93,33,125,-50,00,75,00,37,50,50926,56,3082,80,55,280,93,33,0,86V    -73,44%,1,10V    -73,44%,1,12V    -73,44%,0,32V    -73,44%,0,40V    -73,44%,0,56V    -73,44%,0,64V    -73,44%,0,40V    -73,44%,,,,,,,,,,,,,,,,,,,,,
2016-10-10 20:01:09,,93,33,125,-50,00,75,00,37,50,50926,56,3082,80,55,280,93,33,0,86V    -73,44%,1,10V    -73,44%,1,12V    -73,44%,0,32V    -73,44%,0,40V    -73,44%,0,56V    -73,44%,0,64V    -73,44%,0,40V    -73,44%,,,,,,,,,,,,,,,,,,,,,
2016-10-10 20:01:10,,93,33,125,-50,00,75,00,37,50,50926,56,3082,80,55,280,93,33,0,86V    -73,44%,1,10V    -73,44%,1,12V    -73,44%,0,32V    -73,44%,0,40V    -73,44%,0,56V    -73,44%,0,64V    -73,44%,0,40V    -73,44%,,,,,,,,,,,,,,,,,,,,,
2016-10-10 20:01:11,,93,33,125,-50,00,75,00,37,50,50926,56,3082,80,55,280,93,33,0,86V    -73,44%,1,10V    -73,44%,1,12V    -73,44%,0,32V    -73,44%,0,40V    -73,44%,0,56V    -73,44%,0,64V    -73,44%,0,40V    -73,44%,,,,,,,,,,,,,,,,,,,,,
2016-10-10 20:01:12,,93,33,125,-50,00,75,00,37,50,50926,56,3082,80,55,280,93,33,0,86V    -73,44%,1,10V    -73,44%,1,12V    -73,44%,0,32V    -73,44%,0,40V    -73,44%,0,56V    -73,44%,0,64V    -73,44%,0,40V    -73,44%,,,,,,,,,,,,,,,,,,,,,
2016-10-10 20:01:13,,93,33,125,-50,00,75,00,37,50,50926,56,3082,80,55,280,93,33,0,86V    -73,44%,1,10V    -73,44%,1,12V    -73,44%,0,32V    -73,44%,0,40V    -73,44%,0,56V    -73,44%,0,64V    -73,44%,0,40V    -73,44%,,,,,,,,,,,,,,,,,,,,,
2016-10-10 20:01:14,,93,33,125,-50,00,75,00,37,50,50926,56,3082,80,55,280,93,33,0,86V    -73,44%,1,10V    -73,44%,1,12V    -73,44%,0,32V    -73,44%,0,40V    -73,44%,0,56V    -73,44%,0,64V    -73,44%,0,40V    -73,44%,,,,,,,,,,,,,,,,,,,,,
2016-10-10 20:01:15,,93,33,125,-50,00,75,00,37,50,50926,56,3082,80,55,280,93,33,0,86V    -73,44%,1,10V    -73,44%,1,12V    -73,44%,0,32V    -73,44%,0,40V    -73,44%,0,56V    -73,44%,0,64V    -73,44%,0,40V    -73,44%,,,,,,,,,,,,,,,,,,,,,
2016-10-10 20:01:16,,93,33,125,-50,00,75,00,37,50,50926,56,3082,80,55,280,93,33,0,86V    -73,44%,1,10V    -73,44%,1,12V    -73,44%,0,32V    -73,44%,0,40V    -73,44%,0,56V    -73,44%,0,64V    -73,44%,0,40V    -73,44%,,,,,,,,,,,,,,,,,,,,,
2016-10-10 20:01:17,,93,33,125,-50,00,75,00,37,50,50926,56,3082,80,55,280,93,33,0,86V    -73,44%,1,10V    -73,44%,1,12V    -73,44%,0,32V    -73,44%,0,40V    -73,44%,0,56V    -73,44%,0,64V    -73,44%,0,40V    -73,44%,,,,,,,,,,,,,,,,,,,,,
2016-10-10 20:01:18,,93,33,125,-50,00,75,00,37,50,50926,56,3082,80,55,280,93,33,0,86V    -73,44%,1,10V    -73,44%,1,12V    -73,44%,0,32V    -73,44%,0,40V    -73,44%,0,56V    -73,44%,0,64V    -73,44%,0,40V    -73,44%,,,,,,,,,,,,,,,,,,,,,
2016-10-10 20:01:19,,93,33,125,-50,00,75,00,37,50,50926,56,3082,80,55,280,93,33,0,86V    -73,44%,1,10V    -73,44%,1,12V    -73,44%,0,32V    -73,44%,0,40V    -73,44%,0,56V    -73,44%,0,64V    -73,44%,0,40V    -73,44%,,,,,,,,,,,,,,,,,,,,,
2016-10-10 20:01:20,,93,33,125,-50,00,75,00,37,50,50926,56,3082,80,55,280,93,33,0,86V    -73,44%,1,10V    -73,44%,1,12V    -73,44%,0,32V    -73,44%,0,40V    -73,44%,0,56V    -73,44%,0,64V    -73,44%,0,40V    -73,44%,,,,,,,,,,,,,,,,,,,,,
2016-10-10 20:01:21,,93,33,125,-50,00,75,00,37,50,50926,56,3082,80,55,280,93,33,0,86V    -73,44%,1,10V    -73,44%,1,12V    -73,44%,0,32V    -73,44%,0,40V    -73,44%,0,56V    -73,44%,0,64V    -73,44%,0,40V    -73,44%,,,,,,,,,,,,,,,,,,,,,
2016-10-10 20:01:22,,93,33,125,-50,00,75,00,37,50,50926,56,3082,80,55,280,93,33,0,86V    -73,44%,1,10V    -73,44%,1,12V    -73,44%,0,32V    -73,44%,0,40V    -73,44%,0,56V    -73,44%,0,64V    -73,44%,0,40V    -73,44%,,,,,,,,,,,,,,,,,,,,,
2016-10-10 20:01:23,,93,33,125,-50,00,75,00,37,50,50926,56,3082,80,55,280,93,33,0,86V    -73,44%,1,10V    -73,44%,1,12V    -73,44%,0,32V    -73,44%,0,40V    -73,44%,0,56V    -73,44%,0,64V    -73,44%,0,40V    -73,44%,,,,,,,,,,,,,,,,,,,,,
2016-10-10 20:01:24,,93,33,125,-50,00,75,00,37,50,50926,56,3082,80,55,280,93,33,0,86V    -73,44%,1,10V    -73,44%,1,12V    -73,44%,0,32V    -73,44%,0,40V    -73,44%,0,56V    -73,44%,0,64V    -73,44%,0,40V    -73,44%,,,,,,,,,,,,,,,,,,,,,
2016-10-10 20:01:25,,93,33,125,-50,00,75,00,37,50,50926,56,3082,80,55,280,93,33,0,86V    -73,44%,1,10V    -73,44%,1,12V    -73,44%,0,32V    -73,44%,0,40V    -73,44%,0,56V    -73,44%,0,64V    -73,44%,0,40V    -73,44%,,,,,,,,,,,,,,,,,,,,,
2016-10-10 20:01:26,,93,33,125,-50,00,75,00,37,50,50926,56,3082,80,55,280,93,33,0,86V    -73,44%,1,10V    -73,44%,1,12V    -73,44%,0,32V    -73,44%,0,40V    -73,44%,0,56V    -73,44%,0,64V    -73,44%,0,40V    -73,44%,,,,,,,,,,,,,,,,,,,,,
2016-10-10 20:01:27,,93,33,125,-50,00,75,00,37,50,50926,56,3082,80,55,280,93,33,0,86V    -73,44%,1,10V    -73,44%,1,12V    -73,44%,0,32V    -73,44%,0,40V    -73,44%,0,56V    -73,44%,0,64V    -73,44%,0,40V    -73,44%,,,,,,,,,,,,,,,,,,,,,
2016-10-10 20:01:28,,93,33,125,-50,00,75,00,37,50,50926,56,3082,80,55,280,93,33,0,86V    -73,44%,1,10V    -73,44%,1,12V    -73,44%,0,32V    -73,44%,0,40V    -73,44%,0,56V    -73,44%,0,64V    -73,44%,0,40V    -73,44%,,,,,,,,,,,,,,,,,,,,,
2016-10-10 20:01:29,,93,33,125,-50,00,75,00,37,50,50926,56,3082,80,55,280,93,33,0,86V    -73,44%,1,10V    -73,44%,1,12V    -73,44%,0,32V    -73,44%,0,40V    -73,44%,0,56V    -73,44%,0,64V    -73,44%,0,40V    -73,44%,,,,,,,,,,,,,,,,,,,,,
2016-10-10 20:01:30,,93,33,125,-50,00,75,00,37,50,50926,56,3082,80,55,280,93,33,0,86V    -73,44%,1,10V    -73,44%,1,12V    -73,44%,0,32V    -73,44%,0,40V    -73,44%,0,56V    -73,44%,0,64V    -73,44%,0,40V    -73,44%,,,,,,,,,,,,,,,,,,,,,
2016-10-10 20:01:31,,93,33,125,-50,00,75,00,37,50,50926,56,3082,80,55,280,93,33,0,86V    -73,44%,1,10V    -73,44%,1,12V    -73,44%,0,32V    -73,44%,0,40V    -73,44%,0,56V    -73,44%,0,64V    -73,44%,0,40V    -73,44%,,,,,,,,,,,,,,,,,,,,,
2016-10-10 20:01:32,,93,33,125,-50,00,75,00,37,50,50926,56,3082,80,55,280,93,33,0,86V    -73,44%,1,10V    -73,44%,1,12V    -73,44%,0,32V    -73,44%,0,40V    -73,44%,0,56V    -73,44%,0,64V    -73,44%,0,40V    -73,44%,,,,,,,,,,,,,,,,,,,,,
2016-10-10 20:01:33,,93,33,125,-50,00,75,00,37,50,50926,56,3082,80,55,280,93,33,0,86V    -73,44%,1,10V    -73,44%,1,12V    -73,44%,0,32V    -73,44%,0,40V    -73,44%,0,56V    -73,44%,0,64V    -73,44%,0,40V    -73,44%,,,,,,,,,,,,,,,,,,,,,
